"targets.name","targets.mz","nearest_mz","mz_deviation","signal"
"Palmitamide**IS",256.2628,256.2636,-0.000799999999969714,550300.154202063
"cholesterol-loss of OH2",367.3359,367.3364,-0.00050000000004502,1796.92163095617
"cholesterol-loss of OH",369.3514,369.3548,-0.00339999999999918,4858604.07503584
"Cer(22:0)",372.3473,372.3465,0.000800000000026557,850.832557295201
"LysoPC-P(10:0)",396.2515,396.2515,0,0
"LysoPC-O(10:0)",398.2672,398.2672,0,0
"Cer(24:0)",400.3786,400.3729,0.00569999999999027,0
"Cer(26:0) - H2O**IS",408.3838,408.3857,-0.00189999999997781,417542.379932079
"DG-H20(22:0)",411.3474,411.3493,-0.00190000000003465,207.791662267736
"LysoPC(10:0)",412.2465,412.2465,0,0
"Cer(25:0)",414.3942,414.3906,0.00360000000000582,195.424514358108
"LysoPC-P(12:0)",424.2828,424.2925,-0.00970000000000937,0
"LysoPC-O(12:0)",426.2985,426.2985,0,0
"Cer(26:0)**IS",426.394,426.3965,-0.00249999999999773,1248336.88600909
"Cer(26:1)",428.4099,428.4011,0.00880000000000791,19481.808216945
"DG-H20(24:0)",439.3787,439.3813,-0.00260000000002947,103642.518218315
"LysoPC(12:0)",440.2778,440.2689,0.00890000000003965,730.857053810467
"Cer(27:1)",440.4096,440.4194,-0.00979999999998427,0
"Cer(27:0)",442.4255,442.4262,-0.000699999999994816,219.430571684966
"DG(22:0)",446.3845,446.3845,0,0
"Cer(28:3)",450.3942,450.387,0.00720000000001164,0
"LysoPC-P(14:0)",452.3141,452.3243,-0.0101999999999975,7598.09976433884
"Cer(28:2)",452.4099,452.4187,-0.00880000000000791,0
"DG-H20(25:0)",453.3943,453.3943,0,0
"LysoPC-O(14:0)",454.3298,454.3298,0,0
"Cer(28:1)",454.4255,454.4255,0,0
"Cer(28:0)",456.4412,456.4423,-0.00110000000000809,192.706015097128
"DG-H20(26:1)",465.3941,465.3929,0.00119999999998299,238.608820734797
"LysoPC-P(15:0)",466.3297,466.3297,0,0
"DG-H20(26:0)",467.41,467.41,0,0
"LysoPC(14:0)",468.3091,468.3082,0.000900000000001455,6634.3192073194
"LysoPC-O(15:0)",468.3454,468.3553,-0.00990000000001601,152.410288217905
"Cer(29:1)",468.4409,468.4505,-0.00959999999997763,235.710515202703
"Cer(29:0)",470.4568,470.4521,0.00470000000001392,226.612779771959
"Cer(30:5)",474.3942,474.3949,-0.000699999999994816,477.384691706124
"DG(24:0)",474.4158,474.4246,-0.00880000000000791,1000.1227620288
"Cer(30:4)",476.4099,476.4196,-0.00970000000000937,1531.94008084725
"LysoPC-P(16:1)",478.3295,478.3243,0.00520000000000209,1322.63411836802
"Cer(30:3)",478.4255,478.4255,0,0
"DG-H20(27:1)",479.4097,479.4097,0,0
"LysoPC-O(16:1)",480.3452,480.3356,0.00959999999997763,1396.05838157918
"Cer(30:2)",480.4412,480.4412,0,0
"DG-H20(27:0)",481.4256,481.4167,0.00889999999998281,0
"LysoPC(15:0)",482.3247,482.3237,0.0010000000000332,2033.0381325501
"LysoPC-O(16:0)",482.3611,482.36,0.00110000000000809,262.90308277027
"Cer(30:1)",482.4568,482.4666,-0.00980000000004111,0
"Cer(30:0)",484.4725,484.4725,0,0
"DG(25:0)",488.4314,488.4314,0,0
"DG-H20(28:3)",489.3943,489.3943,0,0
"DG-H20(28:2)",491.41,491.41,0,0
"LysoPC-P(17:1)",492.3451,492.3439,0.00119999999998299,247.192884290541
"DG-H20(28:1)",493.4256,493.4187,0.00689999999997326,0
"LysoPC(16:1)",494.3245,494.3252,-0.000699999999994816,24486.596588107
"LysoPC-O(17:1)",494.3608,494.3643,-0.00350000000003092,219.500580658784
"DG-H20(28:0)",495.4413,495.4459,-0.00459999999998217,231.097154771959
"LysoPC(16:0)",496.3404,496.3421,-0.00170000000002801,1113371.93071453
"LysoPC-O(17:0)",496.3767,496.3845,-0.00779999999997472,309.212626689189
"Cer(31:1)",496.4722,496.4843,-0.0121000000000322,148803.40084229
"Cer(31:0)",498.4881,498.4884,-0.000300000000038381,766.999901406985
"Cer(32:6)",500.4093,500.4093,0,0
"DG(26:1)",500.4312,500.4405,-0.00929999999999609,258.234744510135
"LysoPC-P(18:3)",502.3297,502.3205,0.00920000000002119,282.152132601351
"Cer(32:5)",502.425,502.425,0,0
"DG(26:0)",502.4471,502.4471,0,0
"LysoPC-O(18:3) or LysoPC-P(18:2)",504.3454,504.3551,-0.00970000000000937,415.394851532346
"Cer(32:4)",504.4412,504.4501,-0.00890000000003965,201.367572747309
"LysoPC-P(18:1)",506.361,506.3565,0.00450000000000728,297.15698902027
"Cer(32:3)",506.4568,506.4568,0,0
"DG-H20(29:1)",507.441,507.4506,-0.00960000000003447,0
"LysoPC(17:1)",508.3401,508.3484,-0.00830000000001974,0
"LysoPC-O(18:1) or LysoPC-P(18:0)",508.3767,508.3714,0.00530000000003383,0
"Cer(32:2)",508.4725,508.4811,-0.00860000000000127,266.985738178694
"PA(22:0)",509.3243,509.3239,0.000400000000013279,246.099424619932
"DG-H20(29:0)",509.4569,509.451,0.00589999999999691,256.983187288851
"LysoPC(17:0)",510.356,510.3524,0.00360000000000582,271.528985382251
"LysoPC-O(18:0)",510.3924,510.3924,0,0
"Cer(32:1)",510.4879,510.4879,0,0
"Cer(32:0)",512.5037,512.4982,0.00549999999998363,0
"DG-H20(30:5)",513.3943,513.3863,0.0080000000000382,424.805063227342
"DG(27:1)",514.4468,514.4595,-0.0126999999999953,5279.45059050974
"DG-H20(30:4)",515.41,515.41,0,0
"DG(27:0)",516.4627,516.457,0.00570000000004711,699.929948106402
"DG-H20(30:3)",517.4256,517.4256,0,0
"LysoPC(18:3)",518.3247,518.3222,0.00250000000005457,32046.1868272153
"DG-H20(30:2)",519.4413,519.4323,0.00899999999990087,367.853234990661
"LysoPC(18:2)",520.3404,520.3411,-0.000699999999937972,178955.318583166
"Cer(33:3)",520.4724,520.4724,0,0
"DG-H20(30:1)",521.4569,521.4569,0,1708.87451245035
"LysoPC(18:1)",522.356,522.3575,-0.00149999999996453,138259.494594039
"Cer(33:2)",522.4881,522.4881,0,0
"DG-H20(30:0)",523.4726,NA,NA,6674.4605113131
"LysoPC(18:0)",524.3717,NA,NA,156203.406321918
"DG(28:3)",524.4314,524.4314,0,0
"Cer(33:1)",524.5035,524.4954,0.0081000000000131,212.340952280405
"LysoPC-P(20:5)",526.3297,526.3263,0.00340000000005602,0
"DG(28:2)",526.4471,526.4456,0.00149999999996453,247.896589949324
"Cer(33:0)",526.5194,526.5224,-0.00299999999992906,299.307643581081
"LysoPC-O(20:5) or LysoPC-P(20:4)",528.3454,528.3454,0,0
"Cer(34:6)",528.4406,528.4352,0.00540000000000873,206.665989231419
"DG(28:1)",528.4627,528.4627,0,0
"LysoPC-P(20:3)",530.361,530.3687,-0.00769999999999982,1334.58138062649
"Cer(34:5)",530.4563,530.4563,0,0
"DG(28:0)",530.4784,530.4784,0,0
"LysoPC-O(20:3)",532.3767,532.3851,-0.00839999999993779,159862.817781655
"Cer(34:4)",532.4725,532.4725,0,0
"Cer(34:3)",534.4879,534.4786,0.00929999999993925,0
"DG-H20(31:1)",535.4723,535.4701,0.00220000000001619,0
"Cer(34:2)",536.5038,536.5038,0,0
"PA(24:0)",537.3556,537.3556,0,0
"SM(22:0)",537.4028,537.4028,0,0
"DG-H20(31:0)",537.4882,537.4798,0.00840000000005148,0
"Cer(34:1)",538.5192,538.5236,-0.00440000000003238,277.509712837838
"DG-H20(32:6)",539.4094,539.4021,0.00729999999998654,295.410024282095
"Cer(34:0)",540.5351,540.5336,0.00150000000007822,287.450564822635
"DG-H20(32:5)",541.4251,541.4251,0,0
"LysoPC(20:5)",542.3247,542.3222,0.00250000000005457,1336.65157530363
"DG(29:1)",542.4781,542.4787,-0.000599999999963075,264.111380912162
"DG-H20(32:4)",543.4413,543.4499,-0.00860000000000127,0
"LysoPC(20:4)",544.3404,544.34,0.000400000000013279,36854.1012290408
"Cer(35:5)",544.4724,544.4813,-0.00890000000003965,0
"DG(29:0)",544.494,544.4919,0.00210000000004129,212.589553420608
"DG-H20(32:3)",545.4569,545.4518,0.00509999999997035,0
"LysoPC(20:3)",546.356,546.3548,0.00120000000003984,27050.1369168317
"Cer(35:4)",546.4881,546.4881,0,0
"DG-H20(32:2)",547.4726,547.4709,0.00170000000002801,1350.31035064043
"DG(30:5)",548.4314,548.4253,0.00610000000006039,0
"Cer(35:3)",548.5035,548.5042,-0.000699999999937972,321804.106889195
"DG-H20(32:1)",549.488,549.4868,0.00120000000003984,60967.0890580627
"LysoPC-P(21:0)",550.4236,550.4154,0.00819999999998799,0.673403981175102
"DG(30:4)",550.4471,550.4471,0,0
"Cer(35:2)",550.5194,550.5124,0.00700000000006185,7681.53261798332
"PA(25:0)",551.3712,551.3624,0.00880000000006476,253.652449324324
"DG-H20(32:0)",551.5038,551.5019,0.00189999999997781,67430.2363954471
"LysoPC-P(22:6)",552.3448,552.3448,0,0
"PE(22:0)",552.3665,552.3665,0,0
"LysoPC-O(21:0)",552.4393,552.4393,0,0
"DG(30:3)",552.4627,552.4627,0,0
"Cer(35:1)",552.535,552.5275,0.00749999999993634,0
"LysoPC-O(22:6) or LysoPC-P(22:5)",554.3605,554.3692,-0.00869999999997617,10.8919621367871
"DG(30:2)",554.4784,554.4802,-0.00180000000000291,7428.29463485843
"Cer(35:0)",554.5507,554.5509,-0.000199999999949796,277.004909206081
"LysoPC-O(22:5)",556.3762,556.3633,0.0129000000000588,3127.461742981
"Cer(36:6)",556.4719,556.4622,0.00969999999995252,229.87435741694
"DG(30:1)",556.494,556.4931,0.000900000000001455,2226.71020115909
"Cer(36:5)",558.4876,558.4885,-0.000900000000001455,1073.24077491142
"DG(30:0)",558.5097,558.5032,0.00649999999995998,0
"CE(10:0)",558.5244,558.5339,-0.00950000000000273,269.56714527027
"DG-H20(33:3)",559.4725,559.4725,0,0
"Cer(36:4)",560.5037,560.5037,0,0
"DG-H20(33:2)",561.4882,561.4882,0,0
"Cer(36:3)",562.5194,562.511,0.00840000000005148,470.519800399233
"PA(26:1)",563.371,563.3795,-0.00850000000002638,315.868872879615
"DG-H20(33:1)",563.5036,563.5036,0,0
"LysoPC-P(22:0)",564.4393,564.4476,-0.00829999999996289,6789.25997916306
"Cer(36:2)",564.5351,564.5447,-0.00959999999997763,0
"PA(26:0)",565.3869,565.3772,0.00969999999995252,0
"SM(24:0)",565.4341,565.4428,-0.00870000000008986,0
"DG-H20(33:0)",565.5195,565.5195,0,0
"LysoPC(21:0)",566.4186,566.4186,0,0
"LysoPC-O(22:0)",566.455,566.455,0,0
"Cer(36:1)",566.5507,566.5507,0,0
"DG-H20(34:6)",567.4407,567.4407,0,0
"LysoPC(22:6)",568.3398,568.3398,0,4023.89572304927
"Cer(36:0)",568.5664,568.5664,0,0
"DG-H20(34:5)",569.4564,569.4564,0,0
"LysoPC(22:5)",570.3555,570.3555,0,0
"Cer(37:6)",570.4875,570.4724,0.0150999999999613,85703.0631389838
"DG(31:1)",570.5094,570.5179,-0.00850000000002638,0
"DG-H20(34:4)",571.4726,NA,NA,19534.161859458
"Cer(37:5)",572.5032,572.4986,0.00459999999998217,0
"DG(31:0)",572.5253,572.5253,0,0
"DG-H20(34:3)",573.488,573.4866,0.00140000000010332,3937.19048920666
"DG(32:6)",574.4465,574.4465,0,0
"Cer(37:4)",574.5194,574.5194,0,0
"DG-H20(34:2)",575.5039,575.5042,-0.000299999999924694,80005.2056638414
"DG(32:5)",576.4622,576.459,0.00320000000010623,247.032622466216
"Cer(37:3)",576.535,576.5266,0.00839999999993779,0
"PA(27:1)",577.3866,577.3866,0,0
"DG-H20(34:1)",577.5193,NA,NA,183875.627344473
"PC-P(22:0)",578.4185,578.4267,-0.00819999999998799,0
"DG(32:4)",578.4784,578.4784,0,0
"PA(27:0)",579.4025,579.4025,0,0
"SM(25:0)",579.4497,579.4497,0,0
"DG-H20(34:0)",579.5352,NA,NA,4529.67751699454
"PE(24:0)",580.3978,580.3925,0.00529999999992015,226.030379011824
"PC-O(22:0)",580.4342,580.4441,-0.00990000000001601,0
"Cer(38:8)",580.4724,580.4818,-0.00940000000002783,0
"DG(32:3)",580.494,580.4987,-0.00469999999995707,444.514968364044
"Cer(37:1)",580.5661,580.5661,0,0
"Cer(38:7)",582.4873,582.4873,0,0
"Cer(38:7)",582.4881,582.4881,0,0
"DG(32:2)",582.5097,582.5097,0,0
"Cer(37:0)",582.582,582.582,0,0
"DG-H20(35:5)",583.4725,583.4725,0,0
"Cer(38:6)",584.5032,584.4944,0.00879999999995107,364.178184055456
"DG(32:1)",584.5251,584.5247,0.000399999999899592,3587.55618826085
"DG-H20(35:4)",585.4882,585.4785,0.00969999999995252,225.204362643832
"Cer(38:5)",586.5189,586.5274,-0.00849999999991269,0
"DG(32:0)",586.5409,586.5434,-0.00250000000005457,1419.59540377356
"CE(12:0)",586.5557,586.5461,0.00959999999997763,691.20911806522
"PA(28:3)",587.3712,587.3662,0.00499999999999545,0
"DG-H20(35:3)",587.5036,587.5036,0,0
"Cer(38:4)",588.5351,588.5351,0,0
"PA(28:2)",589.3869,589.3869,0,0
"DG-H20(35:2)",589.5195,589.5289,-0.00940000000002783,244.846785261824
"LysoPC-P(24:1)",590.4549,590.4515,0.00339999999994234,0
"Cer(38:3)",590.5507,590.5476,0.00310000000001764,0
"PA(28:1)",591.4025,591.4123,-0.00979999999992742,13.7172865108485
"SM(26:1)",591.4495,591.4291,0.0203999999999951,129694.624313604
"DG-H20(35:1)",591.5351,591.5253,0.00980000000004111,231.015070734797
"LysoPC-O(24:1)",592.4706,592.4788,-0.00819999999998799,0
"PA(28:0)",593.4182,593.4182,0,0
"SM(26:0)",593.4654,593.4654,0,0
"DG-H20(35:0)",593.5508,593.5584,-0.00760000000002492,228.68335620777
"PE(25:0)",594.4134,594.4225,-0.00909999999998945,212.918932115709
"DG(33:3)",594.5096,594.5172,-0.00760000000002492,0
"Cer(38:1)",594.5817,594.5817,0,0
"DG-H20(36:6)",595.472,595.472,0,0
"Cer(39:7)",596.5029,596.5119,-0.00900000000001455,0
"DG(33:2)",596.5253,596.529,-0.00369999999998072,420.29006935637
"Cer(38:0)",596.5977,596.5926,0.00510000000008404,0
"DG-H20(36:5)",597.4877,597.4974,-0.00969999999995252,12.8205395158084
"Cer(39:6)",598.5188,598.5244,-0.00559999999995853,290.322978251689
"DG(33:1)",598.5407,598.5392,0.00149999999996453,0
"DG-H20(36:4)",599.5038,599.5058,-0.00200000000006639,1270.47328454337
"Cer(39:5)",600.5345,600.5345,0,245.203705658784
"DG(33:0)",600.5566,600.5468,0.00980000000004111,0
"DG-H20(36:3)",601.5195,601.5204,-0.000900000000001455,20615.0997008587
"DG(34:6)",602.4778,602.4778,0,0
"DG-H20(36:2)",603.5352,603.5333,0.00189999999997781,52065.4730865088
"DG(34:5)",604.4935,604.4935,0,0
"Cer(39:3)",604.5663,604.5581,0.00819999999998799,0
"PA(29:1)",605.4179,605.4265,-0.00860000000000127,0
"SM(27:1)",605.4651,605.4558,0.00930000000005293,195.407867857736
"DG-H20(36:1)",605.5508,605.5493,0.00149999999996453,2377.34725457923
"PE(26:1)",606.4132,606.4149,-0.00170000000002801,1063.67143660205
"PC-P(24:0)",606.4498,606.4458,0.0040000000000191,245.870935388514
"Cer(40:9)",606.4875,606.4785,0.00899999999990087,224.304964361738
"DG(34:4)",606.5097,606.5186,-0.00890000000003965,0
"Cer(39:2)",606.582,606.582,0,0
"PA(29:0)",607.4338,607.4433,-0.00950000000000273,0
"SM(27:0)",607.481,607.476,0.00499999999999545,0
"DG-H20(36:0)",607.5665,607.561,0.00549999999998363,2869.7858120213
"PE(26:0)",608.4291,608.4387,-0.00960000000009131,0
"PC-O(24:0)",608.4655,608.4754,-0.00990000000001601,4246.79766460445
"Cer(40:8)",608.5032,608.4935,0.00969999999995252,375.1269842932
"DG(34:3)",608.5251,608.5251,0,0
"Cer(39:1)",608.5976,608.5976,0,0
"DG-H20(37:6)",609.4876,609.4784,0.00920000000007803,651.565365841911
"Cer(40:7)",610.5188,610.5267,-0.00789999999994961,0
"DG(34:2)",610.541,610.5415,-0.000499999999988177,15906.9567236648
"Cer(39:0)",610.6133,610.6133,0,0
"PA(30:5)",611.3712,611.3712,0,0
"DG-H20(37:5)",611.5033,611.499,0.00429999999994379,2975.96659607835
"Cer(40:6)",612.5345,612.5187,0.0158000000000129,4558.08579959774
"DG(34:1)",612.5564,612.5555,0.000900000000001455,31490.922857795
"PA(30:4)",613.3869,613.3869,0,0
"DG-H20(37:4)",613.5195,613.5195,0,0
"Cer(40:5)",614.5502,614.5359,0.0143000000000484,13473.9987044177
"DG(34:0)",614.5723,614.5871,-0.0147999999999229,59137.9664193731
"CE(14:0)",614.587,614.5884,-0.00139999999998963,59137.9664193731
"PA(30:3)",615.4025,615.4025,0,0
"SM(28:3)",615.4497,615.4497,0,0
"DG-H20(37:3)",615.5351,615.538,-0.00289999999995416,1195.38387252168
"PA(30:2)",617.4182,617.4268,-0.00860000000000127,1099.18756117071
"SM(28:2)",617.4654,617.4654,0,0
"DG(35:5)",618.5096,618.5096,0,0
"Cer(40:3)",618.582,618.582,0,0
"PA(30:1)",619.4338,619.4322,0.00160000000005311,464.253038065978
"DG-H20(38:8)",619.4725,619.4705,0.00199999999995271,463.04257276232
"SM(28:1)",619.481,619.4758,0.00519999999994525,456.447746922079
"DG-H20(37:1)",619.5662,619.5662,0,0
"PE(27:1)",620.4288,620.4288,0,0
"PC-P(25:0)",620.4654,620.4654,0,0
"DG(35:4)",620.5253,620.5253,0,0
"Cer(40:2)",620.5974,620.5974,0,0
"PA(30:0)",621.4495,621.4417,0.00779999999997472,278.243084881757
"DG-H20(38:7)",621.4874,621.4874,0,0
"DG-H20(38:7)",621.4882,621.4882,0,0
"SM(28:0)",621.4967,621.4967,0,0
"DG-H20(37:0)",621.5821,621.5821,0,0
"PE(27:0)",622.4447,622.4531,-0.00839999999993779,501.168050334025
"PC-O(25:0)",622.4811,622.4739,0.00720000000001164,0
"DG(35:3)",622.5407,622.5407,0,0
"Cer(40:1)",622.6133,622.6119,0.00139999999998963,268.473289695946
"DG-H20(38:6)",623.5033,623.5033,0,0
"DG(35:2)",624.5566,624.5593,-0.00270000000000437,273.913138724662
"Cer(40:0)",624.629,624.629,0,0
"DG-H20(38:5)",625.519,625.519,0,0
"DG(35:1)",626.5722,626.5809,-0.00870000000008986,229.181640625
"DG-H20(38:4)",627.5352,627.5315,0.00369999999998072,1187.42652249246
"Cer(41:5)",628.5663,628.5757,-0.00940000000002783,83.2109177048142
"DG(35:0)",628.5879,628.6048,-0.0168999999999642,2987.10548537018
"CE(15:0)",628.6026,628.6029,-0.000299999999924694,2987.10548537018
"DG-H20(38:3)",629.5508,629.5515,-0.000700000000051659,258.745222761824
"PE(28:3)",630.4134,630.4128,0.000600000000076761,234.384184966216
"Cer(42:11)",630.4875,630.4819,0.00559999999995853,233.097682643581
"DG(36:6)",630.5091,630.5091,0,0
"Cer(41:4)",630.582,630.582,0,0
"PE(28:2)",632.4291,632.4291,0,0
"PC-P(26:1)",632.4652,632.4652,0,0
"Cer(42:10)",632.5032,632.5115,-0.00829999999996289,0
"DG(36:5)",632.5248,632.5222,0.00260000000002947,552.522291532449
"Cer(41:3)",632.5976,632.5976,0,0
"PA(31:1)",633.4492,633.4492,0,0
"SM(29:1)",633.4964,633.4964,0,0
"DG-H20(38:1)",633.5818,633.5818,0,0
"PE(28:1)",634.4447,634.4535,-0.00879999999995107,259674.004647007
"PC-O(26:1)",634.4809,634.4891,-0.00819999999998799,0
"Cer(42:9)",634.5188,634.5267,-0.00789999999994961,11.8522761808723
"DG(36:4)",634.5409,634.5425,-0.00160000000005311,1974.40098948306
"Cer(41:2)",634.613,634.613,0,0
"PA(31:0)",635.4651,635.4574,0.00769999999999982,74970.7019234768
"DG-H20(39:7)",635.503,635.503,0,0
"SM(29:0)",635.5123,635.5123,0,0
"DG-H20(38:0)",635.5978,635.5938,0.0040000000000191,1334.17661269464
"PC(25:0) or PE(28:0)",636.4604,636.4574,0.00300000000004275,8758.97612197398
"PC-O(26:0)",636.4968,636.5055,-0.00869999999997617,0
"Cer(42:8)",636.5345,636.5568,-0.0222999999999729,14524.1181345639
"DG(36:3)",636.5566,NA,NA,14524.1181345639
"Cer(41:1)",636.6289,636.6289,0,0
"PA(32:6)",637.3863,637.3863,0,0
"DG-H20(39:6)",637.5189,637.5189,0,0
"DG(36:2)",638.5723,638.5724,-9.99999999748979e-05,23749.1964117442
"PA(32:5)",639.402,639.402,0,0
"SM(30:5)",639.4497,639.4497,0,0
"DG-H20(39:5)",639.5346,639.5294,0.00519999999994525,3660.68884132578
"DG(36:1)",640.5879,640.603,-0.0150999999999613,1095034.00968618
"CE(16:1)",640.6024,640.6043,-0.00189999999997781,1095034.00968618
"PA(32:4)",641.4182,641.4182,0,0
"SM(30:4)",641.4654,641.4593,0.00610000000006039,7141.75123435881
"Cer(42:5)",642.582,642.5918,-0.00980000000004111,0
"DG(36:0)",642.6036,642.6187,-0.0150999999999613,1069667.30687545
"CE(16:0)",642.6183,642.617,0.00130000000001473,1069667.30687545
"PA(32:3)",643.4338,643.4338,0,0
"SM(30:3)",643.481,643.4962,-0.0152000000000498,17876.8931329484
"DG-H20(39:3)",643.5664,643.5591,0.00730000000010023,157.006590274198
"DG(37:6)",644.5247,644.5178,0.00690000000008695,0
"Cer(42:4)",644.5976,644.606,-0.00839999999993779,0
"PA(32:2)",645.4495,645.4561,-0.00660000000004857,1962.66717780449
"DG-H20(40:9)",645.4876,645.496,-0.00839999999993779,269.798379434122
"SM(30:2)",645.4967,645.496,0.000700000000051659,269.798379434122
"DG-H20(39:2)",645.5821,645.5722,0.00990000000001601,46.2841935961054
"PC-P(27:1)",646.4808,646.4808,0,0
"DG(37:5)",646.5404,646.536,0.00440000000003238,511.877827315971
"Cer(42:3)",646.6133,646.6133,0,0
"PA(32:1)",647.4649,647.4585,0.00639999999998508,40551.9644157929
"DG-H20(40:8)",647.5033,647.5033,0,0
"SM(30:1)",647.5123,647.5123,0,0
"DG-H20(39:1)",647.5977,647.5893,0.00840000000005148,4.35223265734461
"PE(29:1)",648.4601,NA,NA,100561.548192341
"PC-O(27:1)",648.4965,648.494,0.00249999999994088,0
"DG(37:4)",648.5566,648.566,-0.00940000000002783,271.696140267586
"Cer(42:2)",648.6289,648.6269,0.00200000000006639,506.947565610677
"PA(32:0)",649.4807,649.4696,0.0110999999999422,28298.3323987729
"DG-H20(40:7)",649.5189,649.5189,0,0
"SM(30:0)",649.528,649.528,0,0
"DG-H20(39:0)",649.6134,649.6048,0.00860000000000127,366.052185950914
"PE(29:0)",650.476,650.4663,0.00969999999995252,0
"PC-O(27:0)",650.5124,650.5124,0,0
"DG(37:3)",650.5722,650.5809,-0.00870000000008986,478.12239156095
"Cer(42:1)",650.6446,650.6454,-0.000800000000026557,2314.93992135421
"DG-H20(40:6)",651.5346,651.5346,0,0
"DG-H20(40:5)",653.5503,653.5503,0,0
"PE(30:5)",654.4134,654.4186,-0.00519999999994525,227.978014146959
"DG(38:8)",654.5096,654.5096,0,2099.92438688386
"Cer(43:6)",654.5814,654.5814,0,0
"DG(37:1)",654.6033,654.6205,-0.0172000000000025,22799.3986776471
"CE(17:1)",654.618,NA,NA,22799.3986776471
"PE(30:4)",656.4291,656.4291,0,0
"PC-P(28:3)",656.4654,656.4654,0,0
"DG(38:7)",656.5245,656.5167,0.00779999999997472,195.139133749923
"DG(38:7)",656.5253,656.5167,0.00860000000000127,195.139133749923
"TG(36:0)**IS",656.5828,NA,NA,1794707.05697848
"Cer(43:5)",656.5971,656.5819,0.0151999999999362,1794707.05697848
"DG(37:0)",656.6192,656.6324,-0.0131999999999834,1934.47192737277
"CE(17:0)",656.6339,656.6288,0.00510000000008404,1934.47192737277
"PA(33:3)",657.4494,657.4494,0,0
"DG-H20(40:3)",657.5821,657.585,-0.00290000000006785,602952.379415843
"PE(30:3)",658.4447,658.4532,-0.00850000000002638,0
"PC-O(28:3) or PC-P(28:2)",658.4811,658.4722,0.00889999999992597,679.734770812077
"Cer(44:11)",658.5183,658.5261,-0.0078000000000884,0
"DG(38:6)",658.5404,658.5403,9.99999999748979e-05,504.317516104238
"PA(33:2)",659.4651,659.4561,0.00900000000001455,474.104860069262
"DG-H20(40:2)",659.5975,NA,NA,4482.4271378803
"PE(30:2)",660.4604,660.4678,-0.00739999999996144,320.724794130068
"PC-P(28:1)",660.4967,660.4877,0.00900000000001455,0
"DG(38:5)",660.5561,660.556,9.99999999748979e-05,506.053120365413
"PA(33:1)",661.4805,661.4732,0.00729999999998654,0
"SM(31:1)",661.5277,661.539,-0.0113000000000056,15225.7022499884
"DG-H20(40:1)",661.6134,661.6134,0,0
"PC(27:1)",662.4758,662.4758,0,0
"PC-O(28:1) or PC-P(28:0)",662.5124,662.5211,-0.00870000000008986,0
"DG(38:4)",662.5723,662.5813,-0.00900000000001455,858.742197452342
"PA(33:0)",663.4964,663.4969,-0.000499999999988177,260.442356418919
"SM(31:0)",663.5436,663.5281,0.0154999999999745,3693.8246053483
"DG-H20(40:0)",663.6291,663.6291,0,0
"PC(27:0) or PE(30:0)",664.4917,664.483,0.00870000000008986,239.718087291394
"PC-O(28:0)",664.5281,664.5348,-0.00670000000002346,283.439426731419
"DG(38:3)",664.5879,664.6038,-0.0158999999999878,386894.485258713
"CE(18:3)",664.6026,664.6014,0.00120000000003984,386894.485258713
"PA(34:6)",665.4176,665.4176,0,0
"SM(32:6)",665.4648,665.4594,0.00540000000000873,44800.4244344036
"CE(18:2)",666.6183,666.6156,0.00270000000000437,11791536.8582986
"Cer(43:0)",666.6759,666.6857,-0.00980000000004111,0
"PA(34:5)",667.4333,667.4415,-0.00819999999998799,169.112674197635
"SM(32:5)",667.4805,667.4805,0,0
"DG-H20(41:5)",667.5664,667.5745,-0.00809999999989941,270.443438555743
"Cer(44:6)",668.5976,668.6056,-0.00799999999992451,53.0469179526791
"DG(38:1)",668.6189,668.6339,-0.0149999999999864,2337698.22046639
"CE(18:1)",668.6339,NA,NA,2337698.22046639
"PA(34:4)",669.4495,669.4495,0,0
"DG-H20(42:11)",669.4876,669.4876,0,0
"SM(32:4)",669.4967,669.4967,0,0
"DG-H20(41:4)",669.5821,669.5821,0,0
"DG(39:7)",670.5401,670.5476,-0.00749999999993634,0
"TG(37:0)",670.5984,670.606,-0.00760000000002492,0
"Cer(44:5)",670.6133,670.6408,-0.0275000000000318,210577.869610908
"DG(38:0)",670.6349,670.6421,-0.00720000000001164,210577.869610908
"CE(18:0)",670.6496,670.6421,0.00749999999993634,210577.869610908
"PA(34:3)",671.4649,671.4655,-0.000600000000076761,603.396140267973
"DG-H20(42:10)",671.5033,671.5035,-0.000200000000063483,0
"SM(32:3)",671.5123,671.5035,0.00879999999995107,0
"DG-H20(41:3)",671.5977,671.5734,0.0243000000000393,239272.939840701
"PC(28:3)",672.4604,NA,NA,4801.87289767404
"DG(39:6)",672.556,672.5778,-0.0217999999999847,107208.165392948
"Cer(44:4)",672.6289,672.6289,0,0
"PA(34:2)",673.4808,673.4808,0,0
"DG-H20(42:9)",673.5189,673.5299,-0.0109999999999673,987.055975089465
"SM(32:2)",673.528,673.5299,-0.00189999999997781,987.055975089465
"DG-H20(41:2)",673.6131,673.6049,0.00819999999998799,350.825765449218
"PC(28:2)",674.4761,674.4643,0.0117999999999938,36731.883393519
"PC-P(29:1)",674.5121,674.5044,0.00769999999999982,970.664248919151
"DG(39:5)",674.5717,674.5645,0.00720000000001164,229.02612964527
"PA(34:1)",675.4962,675.4964,-0.000199999999949796,256.749049831081
"DG-H20(42:8)",675.5346,675.541,-0.00640000000009877,97911.6679042873
"SM(32:1)",675.5434,675.541,0.00239999999996598,97911.6679042873
"DG-H20(41:1)",675.629,675.6229,0.00610000000006039,0
"PE(31:1)",676.4914,676.4914,0,0
"PC-O(29:1)",676.5278,676.5478,-0.0200000000000955,30236.1703283822
"PA(34:0)",677.5121,677.5077,0.00440000000003238,353.412291677407
"SM(32:0)",677.5592,677.5518,0.00740000000007512,306.499630489865
"PE(31:0)",678.5073,678.511,-0.00369999999998072,273.191036739865
"PC-O(29:0)",678.5437,678.5437,0,0
"DG(39:3)",678.6035,678.6113,-0.00779999999997472,0
"PE(32:6)",680.4285,680.4374,-0.00890000000003965,0
"PC-P(30:5)",680.4654,680.4792,-0.0137999999999465,2428704.07663748
"DG(40:9)",680.5247,680.5247,0,0
"CE_oxid(18:3)",680.5975,680.5975,0,0
"DG(39:2)",680.6192,680.6335,-0.0143000000000484,1570.87234798602
"PA(35:5)",681.4494,681.4561,-0.00670000000002346,267.025204269875
"DG-H20(42:5)",681.5821,681.5821,0,0
"PE(32:5)",682.4442,682.4442,0,0
"PC-O(30:5) or PC-P(30:4)",682.4811,NA,NA,157683.043311487
"DG(40:8)",682.5404,682.5484,-0.0080000000000382,0
"TG(38:1)",682.5982,682.5995,-0.00130000000001473,2211.26668924876
"CE_oxid(18:2)",682.6132,682.5995,0.0136999999999716,2211.26668924876
"DG(39:1)",682.6348,682.6348,0,0
"PA(35:4)",683.4651,683.4732,-0.0081000000000131,7.95425000736197
"DG-H20(42:4)",683.5977,683.6076,-0.00990000000001601,0
"PE(32:4)",684.4604,684.4686,-0.00819999999998799,239.406593116554
"PC-P(30:3)",684.4967,684.4953,0.00139999999998963,263.312684755068
"DG(40:7)",684.556,684.556,0,0
"TG(38:0)",684.6141,684.6108,0.00329999999996744,4095.99645152799
"DG(39:0)",684.6505,684.6505,0,0
"PA(35:3)",685.4805,685.4898,-0.00929999999993925,225.898279138514
"SM(33:3)",685.5279,685.5279,0,0
"DG-H20(42:3)",685.6134,685.6223,-0.00890000000003965,324.850137246622
"PE(32:3)",686.476,686.4688,0.00720000000001164,232.962349122555
"PC-O(30:3) or PC-P(30:2)",686.5124,686.5124,0,0
"DG(40:6)",686.5717,686.5717,0,0
"PA(35:2)",687.4964,687.4964,0,0
"SM(33:2)",687.5436,687.5461,-0.00250000000005457,567.934262824263
"DG-H20(42:2)",687.629,687.629,0,0
"PE(32:2)",688.4917,688.4989,-0.00720000000001164,380.971600506757
"PC-P(30:1)",688.528,688.5174,0.0106000000000677,1663.63207604613
"DG(40:5)",688.5874,688.6022,-0.0148000000000366,178017.448303997
"CE(20:5)",688.6026,688.6017,0.000900000000001455,178017.448303997
"PA(35:1)",689.512,689.512,0,0
"SM(33:1)",689.559,689.5606,-0.00160000000005311,35184.613272827
"DG-H20(42:1)",689.6447,689.6358,0.00889999999992597,0
"PC(29:1) or PE(32:1)",690.5071,690.5071,0,0
"PC-O(30:1) or PC-P(30:0)",690.5437,690.5536,-0.00990000000001601,808.629859272516
"CE(20:4)",690.6183,NA,NA,1689649.23347466
"PA(35:0)",691.5277,691.5277,0,0
"SM(33:0)",691.5749,691.5749,0,0
"PE(32:0)",692.5229,692.5198,0.00310000000001764,0
"PC-O(30:0)",692.5594,692.5594,0,0
"DG(40:3)",692.6192,692.6356,-0.016399999999976,143375.483990936
"CE(20:3)",692.6339,692.6356,-0.00169999999991433,143375.483990936
"Cer(45:1)",692.6915,692.6915,0,0
"PA(36:6)",693.4489,693.4489,0,0
"SM(34:6)",693.4961,693.4988,-0.00270000000000437,3089.26494899318
"DG-H20(43:6)",693.5815,693.5815,0,0
"Cer(46:7)",694.6127,694.6086,0.004099999999994,763.732198645671
"DG(40:2)",694.6346,694.6392,-0.00459999999998217,6678.51893097423
"PA(36:5)",695.4646,695.4646,0,0
"SM(34:5)",695.5118,695.5118,0,0
"DG-H20(43:5)",695.5972,695.5994,-0.0021999999999025,239.572819890203
"PC(30:5)",696.4604,696.4604,0,0
"TG(39:1)",696.6138,696.622,-0.00819999999998799,813.686417667619
"Cer(46:6)",696.6284,696.6242,0.00420000000008258,1031.21907935957
"DG(40:1)",696.6505,696.6462,0.00429999999994379,0
"PA(36:4)",697.4807,697.4807,0,0
"DG-H20(44:11)",697.5184,697.5184,0,0
"SM(34:4)",697.528,697.528,0,0
"PC(30:4)",698.4761,698.4834,-0.00729999999998654,0
"TG(39:0)",698.6297,698.6297,0,0
"DG(40:0)",698.6662,698.6662,0,0
"PA(36:3)",699.4964,699.4964,0,0
"SM(34:3)",699.5434,699.5434,0,0
"PE(33:3)",700.4916,700.4916,0,0
"PA(36:2)",701.5121,701.5121,0,0
"SM(34:2)",701.5593,701.5589,0.000400000000013279,145911.385303234
"PE(33:2)",702.5073,702.4924,0.0149000000000115,34772.6636187314
"PC-P(31:1)",702.5434,702.564,-0.0205999999999449,55391.4010340045
"DG(41:5)",702.6035,702.6077,-0.0041999999999689,345.655959670608
"PA(36:1)",703.5277,703.523,0.00469999999995707,0
"SM(34:1)",703.5747,703.5763,-0.00159999999993943,931971.164860357
"PE(33:1)",704.5227,704.5251,-0.00239999999996598,3430.96117395797
"DG(42:11)",704.5247,704.5251,-0.000399999999899592,3430.96117395797
"PC-O(31:1)",704.5591,704.5784,-0.0193000000000438,342333.980388415
"CE_oxid(20:5)",704.5975,704.5784,0.0190999999999804,342333.980388415
"DG(41:4)",704.6192,704.6128,0.00639999999998508,0
"PA(36:0)",705.5434,705.5419,0.00149999999996453,0
"SM(34:0)",705.5906,705.5817,0.00890000000003965,55894.9808125327
"DG-H20(43:0)",705.676,705.676,0,0
"PC-P(32:6)",706.4805,706.4724,0.0081000000000131,211.702570734797
"PE(33:0)",706.5386,706.5358,0.00279999999997926,60740.1224530155
"DG(42:10)",706.5404,706.5358,0.00459999999998217,60740.1224530155
"PC-O(31:0)",706.575,706.5891,-0.0140999999999849,3546.84543189267
"TG(40:3)",706.5984,706.5891,0.00929999999993925,3546.84543189267
"CE_oxid(20:4)",706.6132,706.6045,0.00869999999997617,542.072002992682
"DG(41:3)",706.6348,706.6365,-0.00169999999991433,357.657569679054
"Cer(46:1)",706.7072,706.7072,0,0
"PA(37:6)",707.4645,707.4744,-0.00989999999990232,0
"DG-H20(44:6)",707.5977,707.5977,0,0
"PE(34:6)",708.4598,708.469,-0.00920000000007803,0
"PC-O(32:6) or PC-P(32:5)",708.4962,708.5039,-0.00769999999999982,387.397996436122
"DG(42:9)",708.556,708.556,0,0
"TG(40:2)",708.6141,708.6111,0.00300000000004275,316.682669974662
"DG(41:2)",708.6502,708.6502,0,0
"PA(37:5)",709.4802,709.4802,0,0
"SM(35:5)",709.5279,709.5193,0.00860000000000127,469.250421616556
"DG-H20(44:5)",709.6134,709.6238,-0.0104000000000042,8679.85929332787
"PE(34:5)",710.4755,710.4755,0,0
"PC-O(32:5)",710.5119,710.5214,-0.00950000000000273,219.451185071791
"DG(42:8)",710.5717,710.5717,0,0
"TG(40:1)",710.6297,710.6257,0.00399999999990541,3328.28791533742
"DG(41:1)",710.6661,710.6661,0,0
"PA(37:4)",711.4964,711.4964,0,0
"SM(35:4)",711.5436,711.5436,0,0
"DG-H20(44:4)",711.629,711.637,-0.00799999999992451,498.419442321347
"PE(34:4)",712.4917,712.4917,0,0
"PC-P(32:3)",712.528,712.528,0,0
"TG(40:0)",712.6454,712.6469,-0.00149999999996453,334.352908572635
"CE(21:0)",712.6965,712.6965,0,0
"PA(37:3)",713.512,713.512,0,0
"SM(35:3)",713.559,713.559,0,0
"PE(34:3)",714.5071,714.5188,-0.0117000000000189,1130.23476936623
"PC-O(32:3) or PC-P(32:2)",714.5437,714.551,-0.00730000000010023,230.138012035473
"CE(22:6)",714.6177,714.6162,0.00149999999996453,101256.334243838
"SM(35:2)",715.5749,715.5671,0.00779999999997472,328.80078125
"PE(34:2)",716.523,716.5227,0.000300000000038381,9581.24912769818
"PC-P(32:1)",716.5591,716.5562,0.00289999999995416,308.867372255068
"DG(42:5)",716.6192,716.6228,-0.00360000000000582,1272.99916003789
"CE(22:5)",716.6334,716.6242,0.00920000000007803,1272.99916003789
"PA(38:8)",717.4494,717.4494,0,0
"PA(37:1)",717.5431,717.5441,-0.000999999999976353,0
"SM(35:1)**IS",717.5905,717.5921,-0.00159999999993943,358806.539758817
"PC(31:1) or PE(34:1)",718.5384,718.5397,-0.00130000000001473,1695.08580803021
"PC-O(32:1)",718.5748,718.5955,-0.0207000000000335,140117.434481229
"DG(42:4)",718.6348,718.625,0.00980000000004111,0
"PA(38:7)",719.4643,719.4721,-0.00779999999997472,0
"PA(38:7)",719.4651,719.4748,-0.00969999999995252,0
"PA(37:0)",719.559,719.5685,-0.00950000000000273,0
"SM(35:0)",719.6062,719.5962,0.00999999999999091,22594.235381361
"PC(31:0) or PE(34:0)",720.5543,720.5531,0.00120000000003984,480.281197212838
"PC-O(32:0)",720.5906,720.5915,-0.000900000000001455,6772.56275073995
"DG(42:3)",720.6505,720.6505,0,0
"PA(38:6)",721.4802,721.507,-0.0267999999999802,272427.804099945
"SM(36:6)",721.5274,721.507,0.0203999999999951,272427.804099945
"PC(32:6)",722.4755,722.5023,-0.0267999999999802,114391.399869074
"DG(42:2)",722.6661,722.6661,0,0
"PA(38:5)",723.4959,723.509,-0.0131000000000085,44403.1155839487
"SM(36:5)",723.5431,723.5184,0.0246999999999389,21652.9871432764
"PC(32:5)",724.4912,724.4753,0.0159000000001015,30211.6890623102
"TG(41:1)",724.6451,724.6451,0,0
"DG(42:1)",724.6818,724.6818,0,0
"PA(38:4)",725.5121,725.5193,-0.00720000000001164,0
"SM(36:4)",725.5592,725.5569,0.00229999999999109,34496.192297253
"PE(35:4)",726.5073,726.5161,-0.00880000000006476,0
"PC-P(33:3)",726.5436,726.5584,-0.0148000000000366,5569.04853705649
"TG(41:0)",726.661,726.661,0,0
"CE(22:0)",726.7122,726.7122,0,0
"PA(38:3)",727.5277,727.5375,-0.00980000000004111,544.219263668902
"SM(36:3)",727.5749,727.5671,0.00779999999997472,0
"PE(35:3)",728.5227,728.5221,0.000599999999963075,6533.41108734353
"PC-O(33:3) or PC-P(33:2)",728.5593,728.5616,-0.00229999999999109,1480.66261842946
"DG(43:6)",728.6186,728.6186,0,0
"SM(36:2)",729.5906,729.5883,0.00229999999999109,69779.7226329967
"PE(35:2)",730.5386,730.54,-0.00139999999998963,80595.6531919309
"PC-P(33:1)",730.5747,730.593,-0.0182999999999538,19498.9301020969
"TG(42:5)",730.5984,NA,NA,19498.9301020969
"CE_oxid(22:6)",730.6126,730.593,0.0196000000000822,19498.9301020969
"DG(43:5)",730.6343,730.6343,0,0
"PA(38:1)",731.5587,731.5377,0.0210000000000719,28810.7318066972
"SM(36:1)",731.6062,731.6032,0.00299999999992906,142988.605620379
"DG-H20(45:1)",731.6916,731.6916,0,0
"PC(32:1)",732.5541,NA,NA,651551.148920799
"DG(44:11)",732.5555,NA,NA,651551.148920799
"PC-O(33:1)",732.5904,732.6099,-0.0194999999999936,61802.6516866384
"TG(42:4)",732.6141,732.6096,0.00450000000000728,61802.6516866384
"CE_oxid(22:5)",732.6283,732.6099,0.0183999999999287,61802.6516866384
"PA(39:7)",733.4799,733.4799,0,0
"PA(38:0)",733.5747,733.5578,0.0168999999999642,247958.11732064
"DG-H20(46:7)",733.6128,733.6127,9.99999999748979e-05,2717.31482939489
"SM(36:0)",733.6219,733.6127,0.00919999999996435,2717.31482939489
"PC-P(34:6)",734.5118,734.5118,0,0
"PC(32:0) or PE(35:0)",734.5699,734.571,-0.00110000000006494,158038.279149831
"PC-O(33:0) or PC-O(33:0)",734.6063,734.6016,0.00470000000007076,0
"TG(42:3)",734.6297,734.6297,0,0
"PA(39:6)",735.4958,735.4958,0,0
"SM(37:6)",735.543,735.5506,-0.00760000000002492,0
"DG-H20(46:6)",735.6285,735.637,-0.00849999999991269,0
"PE(36:6)",736.4911,736.5008,-0.00970000000006621,0
"PC-O(34:6) or PC-P(34:5)",736.5275,736.5179,0.00959999999997763,11928.5040992963
"TG(42:2)",736.6454,736.6454,0,0
"PA(39:5)",737.5115,737.5225,-0.0110000000000809,2080.07909805299
"SM(37:5)",737.5587,737.5672,-0.00849999999991269,0
"PE(36:5)",738.5068,738.491,0.0158000000000129,5970.61441355883
"PC-O(34:5)",738.5432,738.535,0.00819999999998799,269.383182010135
"TG(42:1)",738.6608,738.6608,0,0
"SM(37:4)",739.5749,739.5724,0.00249999999994088,7478.07429113398
"PE(36:4)",740.5229,NA,NA,33359.754891722
"PC-P(34:3)",740.5591,740.5522,0.00689999999997326,5094.71667764583
"TG(42:0)",740.6767,740.6767,0,0
"DG(43:0)",740.7131,740.7131,0,0
"PA(39:3)",741.5433,741.5309,0.0124000000000706,3204.198623341
"SM(37:3)",741.5905,741.5905,0,0
"PC(33:3) or PE(36:3)",742.5386,742.5376,0.000999999999976353,2310.56710727715
"PC-O(34:3)",742.5748,742.5778,-0.00300000000004275,67419.5923141919
"DG(44:6)",742.6348,742.6253,0.00950000000000273,111.74779390579
"PA(40:9)",743.4645,743.4645,0,0
"PA(39:2)",743.559,743.5828,-0.0238000000000511,22890.4178731786
"PC(33:2) or PE(36:2)",744.5543,744.5541,0.000200000000063483,69725.0072343718
"PC-P(34:1)",744.5904,744.59,0.000400000000013279,86820.5892987675
"DG(44:5)",744.6505,744.6505,0,0
"PA(40:8)",745.4802,745.4695,0.0106999999999289,655.593934503513
"SM(38:8)",745.5279,745.5208,0.00710000000003674,427.121674408784
"PA(39:1)",745.5746,745.5548,0.019800000000032,20382.1461313236
"SM(37:1)",745.6216,745.6211,0.000499999999988177,2202.47049380446
"DG-H20(46:1)",745.7073,745.7073,0,0
"PC(33:1)",746.5697,746.5694,0.000300000000038381,44807.0196126775
"PC-O(34:1)",746.6061,NA,NA,28297.0419912064
"DG(44:4)",746.6661,746.6661,0,0
"PA(40:7)",747.4958,747.4958,0,0
"SM(38:7)",747.5428,747.5521,-0.00929999999993925,0
"SM(38:7)",747.5436,747.5521,-0.00850000000002638,0
"PA(39:0)",747.5903,747.5688,0.0214999999999463,10284.5438922582
"SM(37:0)",747.6375,747.6335,0.0040000000000191,0
"PC(33:0) or PE(36:0)",748.5856,748.5856,0,0
"PC-O(34:0)",748.622,748.622,0,0
"TG(43:3)",748.6453,748.6453,0,0
"PA(40:6)",749.5115,749.5214,-0.00990000000001601,106.354844428044
"SM(38:6)",749.5587,749.5558,0.00290000000006785,0
"PE(37:6)",750.5067,750.5166,-0.00990000000001601,0
"PC-P(35:5)",750.5436,750.544,-0.000400000000013279,39272.6220415772
"TG(43:2)",750.661,750.661,0,0
"PA(40:5)",751.5272,751.5349,-0.00769999999999982,652.631911720326
"SM(38:5)",751.5744,751.5649,0.00950000000000273,8.32161491046058
"PE(37:5)",752.5224,752.5054,0.0169999999999391,2527.61443864865
"PC-O(35:5) or PC-P(35:4)",752.5593,752.5599,-0.000599999999963075,40212.7685208729
"TG(43:1)",752.6764,752.6764,0,0
"CE(24:1)",752.7278,752.7278,0,0
"SM(38:4)",753.5906,753.5824,0.00819999999998799,215.280523399064
"PE(37:4)",754.5386,754.5405,-0.00189999999997781,37231.6231237393
"PC-P(35:3)",754.5747,754.5752,-0.000499999999988177,1234.97767001874
"TG(43:0)",754.6923,754.6923,0,0
"PA(40:3)",755.559,755.542,0.0169999999999391,6676.65042192641
"SM(38:3)",755.6062,755.6253,-0.019100000000094,106515.611911174
"PC(34:3)",756.5541,756.5517,0.00239999999996598,440949.292086278
"PC-O(35:3)",756.5904,756.5626,0.0278000000000702,228154.867093863
"TG(44:6)",756.6135,756.6265,-0.01299999999992,7901.76987637582
"PA(40:2)",757.5744,757.5579,0.0164999999999509,188874.87518486
"PC(34:2)",758.57,758.5691,0.000900000000001455,14951738.4924282
"PC-P(35:1)",758.6062,758.5792,0.02699999999993,5925884.08078673
"TG(44:5)",758.6292,758.6251,0.004099999999994,4648.34100817686
"PA(40:1)",759.5903,759.5748,0.0154999999999745,6763302.44885022
"SM(38:1)",759.6372,759.635,0.00220000000001619,94368.1732621513
"PE(38:8)",760.4916,760.5058,-0.0142000000000735,1636.4256114663
"PE(37:1)",760.5853,760.5832,0.0020999999999276,7381983.90915214
"PC-O(35:1) or PC-P(35:0)",760.6219,760.6392,-0.0172999999999774,43144.6929364388
"TG(44:4)",760.6454,760.6392,0.00620000000003529,43144.6929364388
"SM(39:7)",761.5584,761.5861,-0.0276999999999816,2283392.70685533
"PA(40:0)",761.606,761.5894,0.0166000000000395,2470045.69745201
"SM(38:0)",761.6532,761.6458,0.00739999999996144,521.141152871622
"PE(38:7)",762.5065,762.5065,0,0
"PE(38:7)",762.5073,762.5073,0,0
"PC-P(36:6)",762.5431,762.5431,0,0
"PE(37:0)",762.6012,762.591,0.0101999999999407,417889.458052392
"PC-O(35:0)",762.6376,762.6475,-0.00990000000001601,0
"TG(44:3)",762.6608,762.6723,-0.0114999999999554,802640.782923219
"phosphocholine**IS",762.6735,762.6723,0.00120000000003984,802640.782923219
"SM(39:6)",763.5743,763.5944,-0.0200999999999567,60326.7135583282
"PE(38:6)",764.5224,764.5224,0,31988.7173168523
"PC-O(36:6) or PC-P(36:5)",764.5588,764.5502,0.00860000000000127,10991.9490633704
"TG(44:2)",764.6767,764.6813,-0.00459999999998217,77167.0959450666
"PA(41:5)",765.5433,765.5292,0.0141000000000986,5623.24801498175
"SM(39:5)",765.59,765.59,0,0
"PE(38:5)",766.5381,766.5301,0.0080000000000382,69185.261772058
"PC-O(36:5)",766.5745,NA,NA,131637.908413598
"TG(44:1)",766.692,766.6915,0.000499999999988177,12569.6416477872
"DG(45:1)",766.7287,766.7234,0.00530000000003383,0
"PA(42:11)",767.4645,767.4645,0,0
"PA(41:4)",767.559,767.578,-0.0190000000000055,59855.6490050375
"PC(35:4) or PE(38:4)",768.5543,768.5556,-0.00130000000001473,64477.5512454084
"PC-O(36:4) or PC-P(36:3)",768.5906,768.5903,0.000300000000038381,249537.588882625
"DG(46:7)",768.6499,768.6499,0,0
"TG(44:0)",768.708,NA,NA,16514.2951766738
"PA(42:10)",769.4802,769.4802,0,0
"PA(41:3)",769.5746,769.5924,-0.0177999999999656,110017.55833584
"SM(39:3)",769.6218,769.6135,0.00829999999996289,97.7394077599956
"PC(35:3)",770.5697,770.5666,0.00310000000001764,17913.7031658356
"PC-O(36:3) or PC-P(36:2)",770.6063,770.6095,-0.00319999999999254,58141.9564529112
"DG(46:6)",770.6656,770.6656,0,0
"PA(42:9)",771.4958,771.4958,0,0
"SM(40:9)",771.543,771.5499,-0.00689999999997326,0
"PA(41:2)",771.59,771.6074,-0.0173999999999523,18187.3782974008
"SM(39:2)",771.6375,771.6432,-0.00569999999993342,502.668127111487
"PC(35:2)",772.5856,NA,NA,94188.3376408648
"PC-P(36:1)",772.6219,772.6214,0.000499999999988177,5102.68718943456
"TG(45:5)",772.6453,772.6356,0.00970000000006621,389.593716470853
"PA(42:8)",773.5115,773.5115,0,0
"SM(40:8)",773.5587,773.5661,-0.00739999999996144,0
"PA(41:1)",773.6059,773.587,0.0189000000000306,35616.1839229242
"SM(39:1)",773.6531,773.6518,0.00130000000001473,31745.6887125284
"PE(38:1)",774.6009,774.6049,-0.0040000000000191,17968.6059261779
"PC-O(36:1) or PC-P(36:0)",774.6376,774.6452,-0.00760000000002492,632.479309082925
"TG(45:4)",774.661,774.6554,0.00559999999995853,8732.38434121917
"SM(40:7)",775.5743,775.5668,0.00750000000005002,74.1892617715372
"SM(39:0)",775.6688,775.6688,0,0
"PE(39:7)",776.5221,776.5166,0.00549999999998363,478.353146114865
"PC-P(37:6)",776.5587,776.5633,-0.00459999999998217,4376.21095485315
"PC(35:0) or PE(38:0)",776.6169,776.607,0.00990000000001601,0
"PC-O(36:0)",776.6533,776.6623,-0.00900000000001455,0
"TG(45:3)",776.6764,776.6904,-0.01400000000001,444123.822410111
"phosphoethanolamine**IS",776.6892,776.6904,-0.00119999999992615,444123.822410111
"SM(40:6)",777.59,777.59,0,0
"PE(39:6)",778.538,778.5404,-0.00239999999996598,16650.2063565436
"PC-O(37:6) or PC-P(37:5)",778.5744,778.5658,0.00860000000000127,6.33891147967874
"TG(45:2)",778.6923,778.6954,-0.00309999999990396,41032.7419275243
"PA(42:5)",779.559,779.5574,0.00159999999993943,0
"SM(40:5)",779.6057,779.6057,0,0
"PE(39:5)",780.5537,780.5541,-0.000399999999899592,783287.771378789
"PC-O(37:5)",780.5901,780.5897,0.000400000000013279,2026.8365097266
"TG(45:1)",780.7077,780.7077,0,0
"DG(46:1)",780.7444,780.7444,0,0
"PA(42:4)",781.5746,781.5567,0.0179000000000542,340467.704611895
"PC(36:4)",782.5699,782.5688,0.00109999999995125,7483494.84919057
"PC-P(37:3)",782.6062,782.5792,0.02699999999993,3402424.15548846
"TG(45:0)",782.7236,782.7236,0,0
"PA(42:3)",783.5903,783.5747,0.0155999999999494,2954465.6443837
"SM(40:3)",783.6375,783.641,-0.00349999999991724,4113.61511428325
"PE(39:3)",784.5855,784.5866,-0.00109999999995125,4757750.28642924
"PC-O(37:3)",784.6219,784.595,0.0268999999999551,1930707.69508942
"TG(46:6)",784.6448,784.6458,-0.000999999999976353,2432.9633888301
"PA(42:2)",785.6059,785.5896,0.0163000000000011,1658006.35378741
"SM(40:2)",785.6529,NA,NA,191720.646933639
"PE(40:9)",786.5067,786.5067,0,0
"PC-P(38:8)",786.5436,786.5436,0,0
"PE(39:2)",786.6012,786.6018,-0.000600000000076761,5159694.9204218
"PC-P(37:1)",786.6373,786.6573,-0.0199999999999818,81874.401652373
"TG(46:5)",786.6605,786.6573,0.00319999999999254,81874.401652373
"PA(42:1)",787.6216,787.6049,0.0166999999999007,1838071.7164324
"SM(40:1)",787.6688,787.6679,0.000900000000001455,219510.483191825
"PE(40:8)",788.5224,788.5212,0.00119999999992615,0
"PC-P(38:7)",788.5585,788.5585,0,0
"PC-O(38:8) or PC-P(38:7)",788.5593,788.5593,0,0
"PE(39:1)",788.6168,788.6175,-0.000699999999937972,308271.830664643
"PC-O(37:1)",788.653,788.6729,-0.0199000000000069,95294.7199554546
"TG(46:4)",788.6764,788.6729,0.00349999999991724,95294.7199554546
"SM(40:0)",789.6845,789.6724,0.0120999999999185,10372.3592709164
"PE(40:7)",790.538,790.5477,-0.00969999999995252,0
"PC-O(38:7)",790.5742,790.577,-0.00279999999997926,16651.0587214067
"PE(39:0)",790.6325,790.6189,0.0135999999999967,29554.6924691523
"PC-O(37:0)",790.6689,790.6779,-0.00900000000001455,149.883348617551
"TG(46:3)",790.6923,790.691,0.00130000000001473,2894.76421213986
"PA(43:6)",791.5584,791.5655,-0.00710000000003674,242.314381679294
"PC(37:6) or PE(40:6)",792.5537,792.5556,-0.00189999999997781,17475.4211605705
"PC-O(38:6) or PC-P(38:5)",792.5901,792.5927,-0.00260000000002947,77128.6407568979
"TG(46:2)",792.7077,792.7089,-0.00119999999992615,65981.9927649828
"PA(43:5)",793.5741,793.5889,-0.0147999999999229,33410.0363802035
"SM(41:5)",793.6218,793.6227,-0.000900000000001455,0
"PC(37:5) or PE(40:5)",794.5694,794.5675,0.00189999999997781,3160.20522721978
"PC-O(38:5)",794.6058,794.6052,0.000600000000076761,193315.4425616
"TG(46:1)",794.7233,794.7217,0.00159999999993943,188393.535647445
"PA(44:11)",795.4953,795.4953,0,0
"SM(42:11)",795.543,795.5522,-0.00919999999996435,0
"SM(41:4)",795.6375,795.6496,-0.0120999999999185,12142.8395252336
"PC(37:4)",796.5856,796.5847,0.000900000000001455,42158.8193733242
"PC-P(38:3)",796.6219,796.6187,0.00319999999999254,91195.9329212145
"TG(46:0)",796.7393,796.7384,0.000900000000001455,123283.789724904
"SM(42:10)",797.5587,797.5684,-0.00969999999995252,29.173587540322
"SM(41:3)",797.6531,797.655,-0.00189999999997781,1964.09343536874
"PC(37:3) or PE(40:3)",798.6012,798.6034,-0.00220000000001619,15329.908499321
"PC-O(38:3)",798.6376,798.6458,-0.00819999999998799,114.949860385366
"TG(47:6)",798.6604,798.6678,-0.00740000000007512,16651.5063585496
"SM(42:9)",799.5743,799.584,-0.00969999999995252,222.200211125552
"SM(41:2)",799.6685,799.671,-0.00250000000005457,79210.0915997927
"PE(40:2)",800.6166,800.6232,-0.00660000000004857,1254.34704317566
"PC-P(38:1)",800.6529,800.6728,-0.0199000000000069,39825.2915843865
"TG(47:5)",800.6761,800.6718,0.00430000000005748,39825.2915843865
"SM(42:8)",801.59,801.5964,-0.00639999999998508,0
"SM(41:1)",801.6844,801.6841,0.000300000000038381,97479.4081812673
"PC(38:8)",802.5386,802.5355,0.00310000000001764,3166.37685091129
"PC-P(39:7)",802.5741,802.5674,0.00670000000002346,0
"PC(37:1)",802.6323,802.6323,0,0
"PC-O(38:1)",802.6686,802.6855,-0.0169000000000779,41356.683141306
"TG(47:4)",802.6923,802.6855,0.00679999999999836,41356.683141306
"PA(43:0)",803.6529,803.662,-0.00909999999998945,0
"PC(38:7)",804.5535,804.5525,0.000999999999976353,138555.401887317
"PC(38:7)",804.5543,804.5525,0.00180000000000291,138555.401887317
"PC-O(39:7)",804.5898,804.5637,0.0260999999999285,25443.4222577464
"PC(37:0) or PE(40:0)",804.6482,804.6482,0,0
"PC-O(38:0)",804.6846,804.6943,-0.00969999999995252,278.873126055743
"TG(47:3)",804.7079,804.6981,0.00980000000004111,385.226509712838
"PA(44:6)",805.5746,805.5591,0.0155000000000882,57754.3282161922
"PC(38:6)",806.5694,806.5685,0.000900000000001455,2204525.29977671
"PC-O(39:6) or PC-P(39:5)",806.6057,806.596,0.00969999999995252,761.874253249074
"TG(47:2)",806.7236,806.7219,0.00170000000002801,1844.43146916153
"PA(44:5)",807.5903,807.5715,0.018799999999942,926899.930203048
"SM(42:5)",807.6375,807.6328,0.00470000000007076,1886.80422557333
"PC(38:5)",808.5851,808.5841,0.000999999999976353,830362.834027313
"PC-O(39:5)",808.6214,808.5951,0.026299999999992,325810.5433992
"TG(48:8)",808.6453,808.6453,0,0
"TG(47:1)",808.739,808.7419,-0.00289999999995416,6682.06942922834
"PA(44:4)",809.6059,809.587,0.0189000000000306,397491.585682526
"SM(42:4)",809.6531,809.6561,-0.00300000000004275,26008.5211481654
"PE(42:11)",810.5067,810.5143,-0.00760000000002492,0
"PE(41:4)",810.6012,810.6001,0.00109999999995125,1853352.81980727
"PC-P(39:3)",810.6375,810.6535,-0.0159999999999627,4789.86836176049
"TG(48:7)",810.6602,810.6546,0.00560000000007221,4789.86836176049
"TG(48:7)",810.661,810.6546,0.00639999999998508,4789.86836176049
"TG(47:0)",810.7549,810.7543,0.000600000000076761,425.351615287162
"SM(42:3)",811.6688,811.6681,0.000700000000051659,249107.102828342
"PE(42:10)",812.5224,812.5224,0,0
"PC-P(40:9)",812.5587,812.5642,-0.00549999999998363,427.239389780405
"PE(41:3)",812.6168,812.6183,-0.00149999999996453,637859.991696829
"PC-O(39:3) or PC-P(39:2)",812.6532,812.6728,-0.0196000000000822,123603.769846543
"TG(48:6)",812.6761,812.6728,0.00329999999996744,123603.769846543
"SM(42:2)",813.6844,813.6835,0.000900000000001455,566448.924416095
"PE(42:9)",814.538,814.538,0,0
"PC-O(40:9) or PC-P(40:8)",814.5744,814.5744,0,0
"PE(41:2)",814.6322,814.6217,0.0104999999999791,51606.7501891523
"PC-P(39:1)",814.6688,814.6879,-0.0190999999999804,261640.422838846
"TG(48:5)",814.6918,814.6879,0.00389999999993051,261640.422838846
"SM(42:1)",815.7001,NA,NA,133536.030949993
"PE(42:8)",816.5537,816.5537,0,0
"PC-P(40:7)",816.59,816.59,0,0
"PC(38:1)",816.6479,816.6405,0.00740000000007512,256.830025337838
"PC-O(39:1) or PC-P(39:0)",816.6845,816.7029,-0.0184000000000424,81310.8504748164
"TG(48:4)",816.7079,816.7029,0.00499999999999545,81310.8504748164
"PC(39:7)",818.5691,818.5761,-0.00699999999994816,0
"PC-O(40:7) or PC-P(40:6)",818.6057,818.6071,-0.00139999999998963,22203.9876377937
"PC(38:0)",818.6639,818.6639,0,0
"PC-O(39:0)",818.7002,818.7213,-0.0211000000000467,121911.756874169
"TG(48:3)",818.7236,818.7213,0.00229999999999109,121911.756874169
"SM(43:6)",819.6369,819.6368,9.99999999748979e-05,0
"PC(39:6)",820.585,820.5861,-0.00109999999995125,1777.01645958582
"PC-O(40:6) or PC-P(40:5)",820.6214,820.6248,-0.00340000000005602,14237.5074628202
"TG(48:2)",820.739,820.7392,-0.000199999999949796,599766.710561491
"SM(43:5)",821.6526,821.6542,-0.00159999999993943,0
"PC(39:5)",822.6007,822.5945,0.0061999999999216,3516.37747411726
"PC-O(40:5)",822.6371,822.642,-0.00490000000002055,11238.8998531419
"TG(48:1)",822.7546,822.7564,-0.00180000000000291,1120465.5510837
"SM(44:11)",823.5738,823.5644,0.00940000000002783,440.768581081081
"PE(42:4)",824.6168,824.6228,-0.00599999999997181,0
"PC-P(40:3)",824.6532,824.6508,0.00239999999996598,655.788002712833
"TG(49:7)",824.6758,824.6744,0.00139999999998963,447.579075168919
"TG_oxid(47:1)",824.7334,824.7588,-0.0253999999999905,44396.5145225784
"TG(48:0)",824.7706,824.7703,0.000299999999924694,337824.934225942
"PC(39:3) or PE(42:3)",826.6325,826.6428,-0.0102999999999156,78731.168155181
"PC-P(40:2)",826.6686,826.6428,0.0258000000000038,78731.168155181
"TG(49:6)",826.6917,826.6917,0,0
"TG_oxid(47:0)",826.7493,826.7747,-0.0254000000001042,55660.4168784906
"PC(40:9)",828.5537,828.5503,0.00340000000005602,37066.083443478
"PE(42:2)",828.6481,828.6423,0.00580000000002201,1196.7992971081
"PC-O(40:2)",828.6843,828.6908,-0.00649999999995998,0
"TG(49:5)",828.7074,828.7108,-0.00339999999994234,368.438397381757
"PA(45:1)",829.6685,829.6685,0,0
"PC(40:8)",830.5694,830.5649,0.00450000000000728,17460.292037802
"PC(39:1) or PE(42:1)",830.6638,830.6694,-0.00559999999995853,0
"PC-O(40:1) or PC-P(40:0)",830.7002,830.7095,-0.00930000000005293,12.5438984680326
"TG(49:4)",830.7233,830.7221,0.00120000000003984,898.069952625622
"PA(46:7)",831.5897,831.5805,0.00919999999996435,1042.73171971465
"SM(43:0)",831.7314,831.7314,0,0
"PC(40:7)",832.585,832.5864,-0.00139999999998963,92011.526089539
"PC(39:0)",832.6795,832.6795,0,0
"TG_oxid(48:4)",832.7021,832.7114,-0.00930000000005293,0
"PC-O(40:0)",832.7159,832.7235,-0.00759999999991123,7.07605845619212
"TG(49:3)",832.739,832.7356,0.00340000000005602,2278.80539340588
"PA(46:6)",833.6054,833.59,0.0153999999999996,46173.1842000426
"SM(44:6)",833.6531,833.6545,-0.00139999999998963,1447.79193081483
"PE(43:6)",834.6006,834.5997,0.000900000000001455,423282.181768774
"PC-P(41:5)",834.6375,834.6112,0.026299999999992,156180.366416641
"TG(50:9)",834.6604,834.6522,0.00819999999998799,294.940746410473
"TG_oxid(48:3)",834.718,834.7252,-0.00720000000001164,0
"TG(49:2)",834.7546,834.753,0.00159999999993943,46293.0216320878
"SM(44:5)",835.6688,835.6633,0.00549999999998363,16599.5057906121
"PC-P(42:11)",836.5587,836.5587,0,0
"PE(43:5)",836.6163,836.6159,0.000400000000013279,87361.5773574893
"PC-O(41:5) or PC-P(41:4)",836.6532,836.6602,-0.00700000000006185,794.513197820184
"TG(50:8)",836.6761,836.6721,0.0040000000000191,1858.61935760782
"TG_oxid(48:2)",836.7337,836.7417,-0.0080000000000382,7.84132511175117
"TG(49:1)",836.7702,836.7736,-0.00339999999994234,52039.2420095706
"SM(44:4)",837.6844,837.6844,0,0
"PE(44:11)",838.5375,838.5452,-0.00769999999999982,0
"PC-O(42:11) or PC-P(42:10)",838.5744,838.5655,0.00889999999992597,393.47534839527
"PC-P(41:3)",838.6688,838.6637,0.00510000000008404,0
"TG(50:7)",838.6917,838.6917,0,0
"TG_oxid(48:1)",838.7491,838.757,-0.00789999999994961,0
"TG(49:0)",838.7862,838.7855,0.000700000000051659,1006.43679202209
"PC-P(42:9)",840.59,840.5963,-0.00630000000001019,355.891654349662
"PC(40:3)",840.6482,840.6576,-0.00940000000002783,783.193743391827
"PC-P(41:2)",840.6842,840.6779,0.00630000000001019,0.45041621730913
"TG(50:6)",840.7074,840.7065,0.000900000000001455,396.151763091216
"TG_oxid(48:0)",840.7649,840.772,-0.00710000000003674,0
"PC-O(42:9) or PC-P(42:8)",842.6057,842.614,-0.00830000000007658,262.660341005068
"PC(40:2)",842.6636,842.6636,0,0
"PC-O(41:2)",842.6999,842.7245,-0.0246000000000777,30603.8940110476
"TG(50:5)",842.7231,NA,NA,30603.8940110476
"PA(46:1)",843.6842,843.693,-0.00879999999995107,0
"PC-O(42:8)",844.6214,844.6214,0,0
"PC(40:1)",844.6795,844.6795,0,0
"PC-O(41:1)",844.7158,844.7411,-0.0253000000000156,196647.097640627
"TG(50:4)",844.739,844.7411,-0.0020999999999276,196647.097640627
"PE(43:0)",846.6951,846.6951,0,0
"TG_oxid(49:4)",846.7177,846.7252,-0.00749999999993634,0
"TG(50:3)",846.7546,846.7534,0.00119999999992615,983601.169630997
"PE(44:6)",848.6168,848.5981,0.0186999999999671,3870.29118549498
"PC-P(42:5)",848.6532,848.6435,0.00969999999995252,0.836558515189486
"TG_oxid(49:3)",848.7336,848.7606,-0.02699999999993,1848030.99387576
"TG(50:2)",848.77,848.7721,-0.00210000000004129,4243648.91068468
"PC(41:5) or PE(44:5)",850.6325,850.6408,-0.00829999999996289,0
"PC-P(42:4)",850.6688,850.6698,-0.000999999999976353,2601.80177354423
"TG_oxid(49:2)",850.7493,850.7743,-0.0250000000000909,1307062.58344425
"TG(50:1)",850.7859,850.786,-9.99999999748979e-05,4111242.3243041
"PC(42:11)",852.5537,852.5608,-0.00709999999992306,302.025285050676
"PE(44:4)",852.6481,852.6481,0,0
"PC-O(42:4) or PC-P(42:3)",852.6845,852.694,-0.00950000000000273,395.875343116554
"TG(51:7)",852.7071,852.7065,0.000599999999963075,467.735166807432
"TG_oxid(49:1)",852.7649,852.7903,-0.0253999999999905,336557.845508306
"TG(50:0)",852.8018,852.7903,0.0114999999999554,336557.845508306
"PC(42:10)",854.5694,854.5876,-0.0181999999999789,6986.83745547636
"PC(41:3)",854.6638,854.6638,0,0
"PC-P(42:2)",854.7001,854.7095,-0.00940000000002783,2.50918788544698
"TG(51:6)",854.723,854.7343,-0.0113000000000056,2313.05735897507
"TG_oxid(49:0)",854.7806,854.7893,-0.00869999999997617,21.1608603883476
"PC(42:9)",856.585,856.597,-0.0119999999999436,2467.37826326783
"PC(41:2)",856.6792,856.6768,0.00240000000007967,380.59984691723
"PC-O(42:2) or PC-P(42:1)",856.7158,856.7233,-0.00750000000005002,0
"TG(51:5)",856.7387,856.7359,0.00279999999997926,406.460383234797
"SM(45:1)",857.747,857.747,0,0
"PC(42:8)",858.6007,858.6006,9.99999999748979e-05,821.837734284304
"TG(52:11)",858.6604,858.6604,0,0
"PC(41:1)",858.6951,858.6951,0,0
"TG_oxid(50:5)",858.718,858.7278,-0.00980000000004111,0
"PC-O(42:1)",858.7315,858.7404,-0.00890000000003965,340.811928262764
"TG(51:4)",858.7544,858.7569,-0.00249999999994088,2870.33808423885
"SM(46:7)",859.6682,859.6682,0,0
"PC-P(43:6)",860.6526,860.6526,0,0
"TG(52:10)",860.6761,860.6761,0,0
"TG_oxid(50:4)",860.7336,860.7341,-0.000499999999988177,888.578182132808
"TG(51:3)",860.7703,860.7682,0.00210000000004129,51203.0934368678
"SM(46:6)",861.6839,861.6839,0,0
"PC-O(43:6) or PC-P(43:5)",862.6683,862.6683,0,0
"TG(52:9)",862.6917,862.6917,0,0
"TG_oxid(50:3)",862.7493,862.7527,-0.00340000000005602,613.0184964568
"TG(51:2)",862.7857,862.7864,-0.000699999999937972,106865.082220625
"PC-P(44:11)",864.5895,864.582,0.00750000000005002,324.2001953125
"PC(42:5)",864.6482,864.6413,0.00689999999997326,316.119483741554
"PC-O(43:5)",864.684,864.684,0,0
"TG(52:8)",864.7074,864.7074,0,0
"TG_oxid(50:2)",864.765,864.7694,-0.00440000000003238,468.521959459459
"TG(51:1)",864.8016,864.8035,-0.00189999999997781,29833.4627028489
"PC-O(44:11)",866.6052,866.6052,0,0
"PC(42:4)",866.6638,866.6638,0,0
"TG(52:7)",866.723,866.7233,-0.000300000000038381,957.052764176251
"TG_oxid(50:1)",866.7805,866.7805,0,0
"TG(51:0)",866.8175,866.8175,0,0
"PC(42:3)",868.6795,868.6795,0,0
"TG(52:6)",868.7387,868.7384,0.000300000000038381,65751.700628554
"TG_oxid(50:0)",868.7962,868.7962,0,0
"PC(42:2)",870.6951,870.6951,0,0
"TG_oxid(51:6)",870.7174,870.7255,-0.0081000000000131,0
"TG(52:5)",870.7544,870.7548,-0.000400000000013279,288249.530557329
"SM(46:1)",871.7627,871.7589,0.00379999999995562,165856.086774052
"PE(45:1)",872.7107,872.7107,0,0
"TG_oxid(51:5)",872.7336,872.7435,-0.00990000000001601,297.169724018523
"PC-P(43:0)",872.7471,872.7696,-0.0224999999999227,1205398.81045872
"TG(52:4)",872.7702,872.7696,0.000600000000076761,1205398.81045872
"PE(46:7)",874.6319,874.6319,0,0
"PC-P(44:6)",874.6688,874.6688,0,0
"TG_oxid(51:4)",874.7493,874.7747,-0.0254000000001042,1583594.62121939
"PC-O(43:0)",874.7628,874.7868,-0.0240000000000009,4344336.1621004
"TG(52:3)",874.7859,874.7868,-0.000900000000001455,4344336.1621004
"PC(43:6) or PE(46:6)",876.6476,876.6543,-0.00670000000002346,0
"PC-O(44:6) or PC-P(44:5)",876.6845,876.6847,-0.000200000000063483,1709.62487939271
"TG_oxid(51:3)",876.7649,876.7904,-0.0254999999999654,2672426.51207571
"TG(52:2)",876.8016,876.8024,-0.000800000000026557,6562344.59562687
"PC(43:5)",878.6633,878.6728,-0.00950000000000273,0
"PC-P(44:4)",878.7001,878.6984,0.00170000000002801,4386.52973668542
"TG(53:8)",878.7235,878.7335,-0.0100000000001046,342.270639780405
"TG_oxid(51:2)",878.7806,878.8076,-0.02699999999993,489802.72351184
"TG(52:1)",878.8172,878.8076,0.00959999999997763,489802.72351184
"PC(44:11)",880.5845,880.5879,-0.00339999999994234,12642.5439158391
"PC-O(44:4)",880.7158,880.7236,-0.0078000000000884,0
"TG(53:7)",880.7384,880.745,-0.00660000000004857,2252.00331006421
"TG_oxid(51:1)",880.7962,880.8207,-0.0244999999999891,31788.8094323518
"TG(52:0)",880.8331,880.8241,0.00899999999990087,33363.8093658231
"TG_oxid(52:7)",882.718,882.7247,-0.00670000000002346,0
"TG(53:6)",882.7541,882.7638,-0.00969999999995252,7025.24687417096
"TG_oxid(51:0)",882.8119,882.8119,0,0
"TG_oxid(52:6)",884.7336,884.7413,-0.00769999999999982,0
"TG(53:5)",884.77,884.7634,0.00659999999993488,802.231169054315
"TG(54:11)",886.6912,886.6912,0,0
"PE(46:1)",886.7264,886.734,-0.00760000000002492,6.7641635238754
"TG_oxid(52:5)",886.7493,886.7517,-0.00240000000007967,730.890520117516
"TG(53:4)",886.7859,886.787,-0.00110000000006494,7876.73565895252
"TG(54:10)",888.7074,888.7074,0,0
"PC(43:0)",888.7421,888.7519,-0.00979999999992742,42.1222688702852
"TG_oxid(52:4)",888.765,888.7686,-0.00360000000000582,792.983929622616
"TG(53:3)",888.8016,888.8003,0.00130000000001473,29448.2234946866
"PC(44:6)",890.6638,890.6638,0,0
"TG(54:9)",890.723,890.723,0,0
"TG_oxid(52:3)",890.7806,890.7796,0.00100000000009004,784.921595090867
"TG(53:2)",890.8172,890.8153,0.00189999999997781,31996.80386918
"PC(44:5)",892.6795,892.6795,0,0
"TG(54:8)",892.7387,892.7391,-0.000400000000013279,1279.61700336242
"TG_oxid(52:2)",892.7963,892.8062,-0.00990000000001601,0
"TG(53:1)",892.8329,892.833,-9.99999999748979e-05,338.960462415541
"PC(44:4)",894.6951,894.6951,0,0
"TG(54:7)",894.7541,894.7543,-0.000199999999949796,100704.218744443
"TG_oxid(52:1)",894.8117,894.8117,0,0
"TG(53:0)",894.8487,894.8487,0,0
"TG_oxid(53:7)",896.7336,896.7413,-0.00769999999999982,89.3817599837231
"TG(54:6)",896.7698,896.7717,-0.00189999999997781,254917.681371684
"TG_oxid(52:0)",896.8275,896.8275,0,0
"TG_oxid(53:6)",898.7492,898.7566,-0.00740000000007512,5.44123167564143
"PC-P(45:1)",898.7627,898.7872,-0.0244999999999891,441472.418183451
"TG(54:5)",898.7856,898.7872,-0.00159999999993943,441472.418183451
"PC-P(46:7)",900.6839,900.6839,0,0
"TG_oxid(53:5)",900.7649,900.7923,-0.0273999999999432,239283.213596833
"PC-O(45:1)",900.7784,900.8007,-0.0222999999999729,476521.273901353
"TG(54:4)",900.8015,900.8007,0.000800000000026557,476521.273901353
"PC-O(46:7) or PC-P(46:6)",902.6996,902.6996,0,0
"TG_oxid(53:4)",902.7806,902.8076,-0.02699999999993,260251.946436542
"TG(54:3)",902.8175,902.8161,0.00139999999998963,522545.427118094
"PC-O(46:6)",904.7153,904.7153,0,0
"TG(55:9)",904.7386,904.7386,0,0
"TG_oxid(53:3)",904.7962,904.8252,-0.0289999999999964,73132.3902050713
"TG(54:2)",904.8326,904.8336,-0.00100000000009004,163873.946417152
"TG_oxid(54:9)",906.7177,906.7111,0.00660000000004857,4173.76881236753
"TG(55:8)",906.7543,906.7543,0,0
"TG_oxid(53:2)",906.8119,906.8216,-0.00969999999995252,302.201369957558
"TG(54:1)",906.8485,906.8391,0.00939999999991414,12000.8879611201
"TG_oxid(54:8)",908.7334,908.7422,-0.00880000000006476,0
"TG(55:7)",908.7697,908.7651,0.00459999999998217,675.663865239503
"TG_oxid(53:1)",908.8275,908.8275,0,0
"TG(54:0)",908.8644,908.8644,0,0
"TG_oxid(54:7)",910.7493,910.7562,-0.00690000000008695,0
"TG(55:6)",910.7854,910.7931,-0.00769999999999982,758.083812734408
"TG_oxid(53:0)",910.8432,910.8432,0,0
"TG_oxid(54:6)",912.765,912.765,0,0
"PC-P(46:1)",912.7784,912.7784,0,0
"TG(55:5)",912.8013,912.8013,0,0
"TG(56:11)",914.7225,914.7225,0,0
"PC(45:1)",914.7577,914.7638,-0.0060999999999467,0
"TG_oxid(54:5)",914.7806,914.787,-0.00639999999998508,488.669974662162
"PC-O(46:1)",914.7941,914.787,0.00709999999992306,488.669974662162
"TG(55:4)",914.8172,914.8238,-0.00660000000004857,384.710304054054
"PC(46:7)",916.6789,916.6722,0.00670000000002346,259.034473795047
"TG(56:10)",916.7384,916.7475,-0.00909999999998945,209.24267578125
"TG_oxid(54:4)",916.7963,916.7963,0,0
"TG(55:3)",916.8331,916.8331,0,0
"PC(46:6)",918.6946,918.709,-0.0143999999999096,28232.6370412581
"TG(56:9)",918.7541,918.7555,-0.00139999999998963,9866.1507262642
"TG_oxid(54:3)",918.8119,918.8072,0.00470000000007076,415.284786739865
"TG(55:2)",918.8483,918.8398,0.00850000000002638,0
"TG_oxid(55:9)",920.7336,920.7237,0.00990000000001601,831.701601150883
"TG(56:8)",920.7697,920.7706,-0.000900000000001455,96411.3369524472
"TG_oxid(54:2)",920.8276,920.8276,0,0
"TG(55:1)",920.8641,920.8641,0,0
"TG_oxid(55:8)",922.7487,922.7556,-0.00689999999997326,0
"TG(56:7)",922.7853,922.7874,-0.00210000000004129,216837.924347827
"TG_oxid(54:1)",922.8432,922.8432,0,0
"TG(55:0)",922.8801,922.8801,0,0
"TG_oxid(55:7)",924.7649,924.7933,-0.0284000000000333,90352.5638675255
"TG(56:6)",924.801,924.8019,-0.000900000000001455,165422.102663924
"TG_oxid(54:0)",924.8588,924.8588,0,0
"TG_oxid(55:6)",926.7805,926.7904,-0.00990000000001601,318.995065572901
"TG(56:5)",926.817,926.818,-0.000999999999976353,99818.5884513149
"TG(57:11)",928.7386,928.7386,0,0
"PC(46:1)",928.7734,928.7734,0,0
"TG_oxid(55:5)",928.7962,928.8031,-0.00689999999997326,11.1419673601191
"TG(56:4)",928.8329,928.8316,0.00130000000001473,17246.2923276417
"TG(57:10)",930.754,930.754,0,0
"TG_oxid(55:4)",930.8119,930.8178,-0.00589999999999691,0
"TG(56:3)",930.8485,930.865,-0.0165000000000646,33310.9373631951
"TG_oxid(56:10)",932.7334,932.7334,0,0
"TG(57:9)",932.7697,932.7697,0,0
"TG_oxid(55:3)",932.8275,932.834,-0.00649999999995998,0
"TG(56:2)",932.8641,932.8774,-0.0132999999999583,3424.12211261502
"TG_oxid(56:9)",934.7493,934.7473,0.00199999999995271,493.521853885135
"TG(57:8)",934.7853,934.776,0.00930000000005293,0
"TG_oxid(55:2)",934.8432,934.8432,0,0
"TG(56:1)",934.8799,934.8799,0,0
"TG_oxid(56:8)",936.7649,936.7649,0,0
"TG(57:7)",936.801,936.801,0,0
"TG_oxid(55:1)",936.8588,936.8588,0,0
"TG(56:0)",936.8958,936.8958,0,0
"TG_oxid(56:7)",938.7806,938.7648,0.0158000000000129,249449.057730882
"TG(57:6)",938.8167,938.8128,0.00389999999993051,0
"TG_oxid(55:0)",938.8745,938.8745,0,0
"TG(58:12)",940.7384,940.7448,-0.00640000000009877,0
"TG_oxid(56:6)",940.7963,940.773,0.0232999999999493,37438.4744056826
"TG(57:5)",940.8326,940.8263,0.00630000000001019,0
"TG(58:11)",942.7538,942.7538,0,0
"TG_oxid(56:5)",942.8119,942.8119,0,0
"TG(57:4)",942.8485,942.8485,0,0
"TG(58:10)",944.7697,944.7711,-0.00140000000010332,5556.95807413607
"TG_oxid(56:4)",944.8276,944.8276,0,0
"TG(57:3)",944.8644,944.8644,0,0
"TG_oxid(57:10)",946.7487,946.7407,0.0080000000000382,3044.0667187304
"TG(58:9)",946.7854,946.7849,0.000499999999988177,20799.0131634471
"TG_oxid(56:3)",946.8432,946.8432,0,0
"TG(57:2)",946.8798,946.8798,0,0
"TG_oxid(57:9)",948.7644,948.7707,-0.00630000000001019,0
"TG(58:8)",948.8013,948.8043,-0.00300000000004275,34741.5350341031
"TG_oxid(56:2)",948.8589,948.8682,-0.00930000000005293,0
"TG(57:1)",948.8955,948.8878,0.00769999999999982,357.402607685811
"TG_oxid(57:8)",950.78,950.7871,-0.00710000000003674,0
"TG(58:7)",950.8169,950.8206,-0.00369999999998072,29178.7996941477
"TG_oxid(56:1)",950.8745,950.8745,0,0
"TG(57:0)",950.9114,950.9114,0,0
"TG_oxid(57:7)",952.7956,952.8055,-0.00990000000001601,29.727712871814
"TG(58:6)",952.8326,952.8339,-0.00130000000001473,6666.99526028951
"TG_oxid(56:0)",952.8901,952.8687,0.0213999999999714,17709.8226809724
"TG(59:12)",954.754,954.754,0,0
"TG_oxid(57:6)",954.8113,954.8113,0,0
"TG(58:5)",954.8482,954.8482,0,0
"TG(59:11)",956.7694,956.775,-0.00559999999995853,0
"TG_oxid(57:5)",956.8275,956.8346,-0.00710000000003674,0
"TG(58:4)",956.8641,956.8641,0,0
"TG_oxid(58:11)",958.7487,958.7487,0,0
"TG(59:10)",958.7853,958.7853,0,0
"TG_oxid(57:4)",958.8432,958.8432,0,0
"TG(58:3)",958.8798,958.8872,-0.00739999999996144,389.395903716216
"TG_oxid(58:10)",960.7649,960.7649,0,0
"TG(59:9)",960.801,960.801,0,0
"TG_oxid(57:3)",960.8588,960.8656,-0.00679999999999836,345.823136613176
"TG(58:2)",960.8954,960.8956,-0.000199999999949796,0
"TG_oxid(58:9)",962.7806,962.7806,0,0
"TG(59:8)",962.8169,962.8169,0,0
"TG_oxid(57:2)",962.8745,962.8745,0,0
"TG(58:1)",962.9114,962.9114,0,0
"TG(60:14)",964.7386,964.7386,0,0
"TG_oxid(58:8)",964.7957,964.7957,0,0
"TG(59:7)",964.8323,964.8323,0,0
"TG(59:7)",964.8331,964.8331,0,0
"TG_oxid(57:1)",964.8901,964.8974,-0.00729999999998654,298.073268581081
"TG(58:0)",964.927,964.9175,0.00950000000000273,215.746133340372
"TG(60:13)",966.7543,966.7287,0.0255999999999403,70896.8369143178
"TG_oxid(58:7)",966.8114,966.8114,0,0
"TG(59:6)",966.8482,966.8482,0,0
"TG_oxid(57:0)",966.9058,966.9058,0,0
"TG(60:12)",968.7692,968.772,-0.00280000000009295,0
"TG_oxid(58:6)",968.8275,968.8275,0,0
"TG(59:5)",968.8639,968.8736,-0.00970000000006621,291.717403927365
"TG(60:11)",970.7851,970.7866,-0.00149999999996453,457.516469594595
"TG_oxid(58:5)",970.8432,970.8432,0,0
"TG(59:4)",970.8798,970.8798,0,0
"TG_oxid(59:11)",972.7638,972.7721,-0.00830000000007658,0
"TG(60:10)",972.8012,972.8026,-0.00139999999998963,343.097181165541
"TG_oxid(58:4)",972.8589,972.8589,0,0
"TG(59:3)",972.8954,972.8954,0,0
"TG_oxid(59:10)",974.78,974.7738,0.0061999999999216,2190.56615441876
"TG(60:9)",974.8169,974.8144,0.00250000000005457,326.487119932432
"TG_oxid(58:3)",974.8745,974.8745,0,0
"TG(59:2)",974.9113,974.9113,0,0
"TG(60:8)",976.8326,976.8425,-0.00990000000001601,396.488597972973
"TG_oxid(58:2)",976.8902,976.8902,0,0
"TG(59:1)",976.927,976.927,0,0
"TG(60:7)",978.848,978.848,0,0
"TG_oxid(58:1)",978.9058,978.9058,0,0
"TG(59:0)",978.9427,978.9427,0,0
"TG_oxid(59:7)",980.8275,980.831,-0.00350000000003092,0
"TG(60:6)",980.8636,980.8725,-0.00889999999992597,0
"TG_oxid(60:13)",982.7487,982.7487,0,0
"TG(61:12)",982.7848,982.7903,-0.00549999999998363,0
"TG_oxid(59:6)",982.8431,982.8368,0.00630000000001019,261.493982263513
"TG(60:5)",982.8798,982.8798,0,0
"TG_oxid(60:12)",984.7644,984.7644,0,0
"TG(61:11)",984.8007,984.8007,0,0
"TG_oxid(59:5)",984.8588,984.8588,0,0
"TG(60:4)",984.8957,984.8957,0,0
"TG_oxid(60:11)",986.78,986.78,0,0
"TG_oxid(59:4)",986.8745,986.8745,0,0
"TG(60:3)",986.9114,986.9114,0,0
"TG_oxid(60:10)",988.7957,988.7957,0,0
"TG(61:9)",988.8325,988.8325,0,0
"TG(60:2)",988.927,988.9176,0.00940000000002783,191.230376372466
"TG(62:15)",990.7543,990.7543,0,0
"TG_oxid(60:9)",990.8114,990.8114,0,0
"TG(61:8)",990.8482,990.8482,0,0
"TG(60:1)",990.9424,990.9424,0,0
"TG(62:14)",992.7694,992.7694,0,0
"TG_oxid(60:8)",992.8275,992.8275,0,0
"TG(61:7)",992.8636,992.8636,0,0
"TG_oxid(59:1)",992.9214,992.9214,0,0
"TG(60:0)",992.9583,992.9583,0,0
"TG(62:13)",994.7851,994.7656,0.0195000000001073,20840.9123508962
"TG_oxid(60:7)",994.8432,994.834,0.00920000000007803,351.391786317568
"TG(61:6)",994.8793,994.8869,-0.00760000000002492,407.671004011824
"TG(62:12)",996.8007,996.8051,-0.00440000000003238,0
"TG_oxid(60:6)",996.8589,996.8589,0,0
"TG(61:5)",996.8954,996.8954,0,0
"TG(62:11)",998.8164,998.8164,0,0
"TG_oxid(60:5)",998.8745,998.8745,0,0
"TG(61:4)",998.9113,998.9113,0,0
"TG_oxid(60:4)",1000.8902,1000.8902,0,0
"TG(61:3)",1000.927,1000.927,0,0
"TG(62:9)",1002.8487,1002.8487,0,0
"TG_oxid(60:3)",1002.9058,1002.9058,0,0
"TG(61:2)",1002.9424,1002.9424,0,0
"TG_oxid(61:9)",1004.8275,1004.8227,0.00479999999993197,317.104043856912
"TG(62:8)",1004.8636,1004.8597,0.0039000000000442,345.841137035473
"TG_oxid(60:2)",1004.9214,1004.9214,0,0
"TG(61:1)",1004.9583,1004.9583,0,0
"TG_oxid(61:8)",1006.8426,1006.8426,0,0
"TG(62:7)",1006.8795,1006.8795,0,0
"TG_oxid(60:1)",1006.937,1006.937,0,0
"TG(61:0)",1006.974,1006.974,0,0
"TG_oxid(62:14)",1008.7638,1008.7638,0,0
"TG_oxid(61:7)",1008.8582,1008.8582,0,0
"TG(62:6)",1008.8952,1008.8952,0,0
"TG_oxid(61:6)",1010.8739,1010.8739,0,0
"TG(62:5)",1010.9113,1010.9203,-0.00900000000001455,0
"TG(63:11)",1012.8325,1012.8354,-0.00290000000006785,0
"TG_oxid(61:5)",1012.8896,1012.8896,0,0
"TG(62:4)",1012.927,1012.9326,-0.00559999999995853,244.245064400338
"TG(63:10)",1014.8482,1014.8482,0,0
"TG(64:16)",1016.7694,1016.7694,0,0
"TG(63:9)",1016.8638,1016.8638,0,0
"TG(62:2)",1016.9581,1016.9581,0,0
"TG(64:15)",1018.7851,1018.7851,0,0
"TG_oxid(62:9)",1018.8431,1018.8431,0,0
"TG(63:8)",1018.8792,1018.8792,0,0
"TG_oxid(61:2)",1018.9368,1018.9368,0,0
"TG(62:1)",1018.974,1018.974,0,0
"TG(64:14)",1020.8007,1020.8007,0,0
"TG_oxid(62:8)",1020.8588,1020.8588,0,0
"TG(63:7)",1020.8951,1020.8951,0,0
"TG_oxid(61:1)",1020.9527,1020.9527,0,0
"TG_oxid(62:7)",1022.8744,1022.8744,0,0
"TG(63:6)",1022.9108,1022.9108,0,0
"TG_oxid(62:6)",1024.8901,1024.8814,0.00870000000008986,331.847365920608
"TG(63:5)",1024.927,1024.927,0,0
"TG(64:11)",1026.8482,1026.8482,0,0
"TG_oxid(62:5)",1026.9053,1026.9143,-0.00900000000001455,0
"TG(63:4)",1026.9426,1026.9523,-0.00969999999983884,1087.7202630365
"TG(64:10)",1028.8638,1028.8638,0,0
"TG(63:3)",1028.9583,1028.9743,-0.0160000000000764,11319.9353578334
"TG_oxid(63:10)",1030.8426,1030.8413,0.00129999999990105,1241.55150208148
"TG(64:9)",1030.8795,1030.8857,-0.00620000000003529,0
"TG(63:2)",1030.9737,1030.9737,0,0
"TG(64:8)",1032.8951,1032.8951,0,0
"TG(63:1)",1032.9896,1032.9806,0.00900000000001455,267.963048986487
"TG(64:7)",1034.9108,1034.9108,0,0
"TG_oxid(62:1)",1034.9683,1034.9683,0,0
"TG(64:6)",1036.9265,1036.9315,-0.00499999999988177,0
"TG(65:11)",1040.8633,1040.872,-0.00870000000008986,0
"TG(64:4)",1040.9583,1040.9583,0,0
"TG_oxid(63:4)",1042.937,1042.937,0,0
"TG(64:3)",1042.974,1042.974,0,0
"TG_oxid(64:10)",1044.8583,1044.8583,0,0
"TG(64:2)",1044.9896,1044.9896,0,0
"TG_oxid(64:9)",1046.8739,1046.8577,0.0162000000000262,3438.04431415903
"TG(64:1)",1047.0053,1047.0053,0,0
"TG_oxid(64:8)",1048.8895,1048.8895,0,0
"TG_oxid(63:1)",1048.984,1048.9841,-9.99999999748979e-05,0
"TG_oxid(64:7)",1050.9052,1050.9116,-0.00639999999998508,321.761006123311
"TG(65:6)",1050.9426,1050.9515,-0.00889999999981228,0
"TG(66:12)",1052.8638,1052.8732,-0.00939999999991414,322.119140625
"TG(65:5)",1052.9583,1052.9708,-0.0125000000000455,13579.710148526
"TG(66:11)",1054.879,1054.879,0,0
"TG(65:4)",1054.9739,1054.9893,-0.0153999999999996,7855.40475475171
"TG(66:10)",1056.8951,1056.8939,0.00119999999992615,1830.59563442568
"TG(66:9)",1058.9108,1058.9108,0,0
"TG(66:6)",1064.9583,1064.9668,-0.00849999999991269,0
"TG_oxid(65:6)",1066.9365,1066.9444,-0.0079000000000633,297.604439400338
"TG(66:5)",1066.974,1066.9675,0.00649999999995998,506.008209048674
"TG_oxid(65:5)",1068.9522,1068.9522,0,0
"TG(66:4)",1068.9896,1068.9896,0,0
"TG_oxid(66:11)",1070.8739,1070.8802,-0.00630000000001019,0
"TG(67:7)",1076.9577,1076.9676,-0.00990000000001601,0
"TG(67:6)",1078.9734,1078.9734,0,0
"TG(68:12)",1080.8946,1080.9002,-0.00559999999995853,344.298748944257
"TG(67:1)",1089.0522,1089.0522,0,0
"TG(68:7)",1090.9734,1090.9829,-0.00949999999988904,0
"TG(68:6)",1092.9891,1092.9798,0.00929999999993925,636.845517066411
