mz,name
256.2628,Palmitamide**IS
369.3514,cholesterol-loss of OH
372.3473,Cer(22:0)
396.2515,LysoPC-P(10:0)
398.2672,LysoPC-O(10:0)
400.3786,Cer(24:0)
408.3838,Cer(26:0) - H2O**IS
411.3474,DG-H20(22:0)
412.2465,LysoPC(10:0)
414.3942,Cer(25:0)
424.2828,LysoPC-P(12:0)
426.2985,LysoPC-O(12:0)
426.394,Cer(26:1)
428.4099,Cer(26:0)**IS
439.3787,DG-H20(24:0)
440.2778,LysoPC(12:0)
440.4096,Cer(27:1)
442.4255,Cer(27:0)
446.3845,DG(22:0)
450.3942,Cer(28:3)
452.3141,LysoPC-P(14:0)
452.4099,Cer(28:2)
453.3943,DG-H20(25:0)
454.3298,LysoPC-O(14:0)
454.4255,Cer(28:1)
456.4412,Cer(28:0)
465.3941,DG-H20(26:1)
466.3297,LysoPC-P(15:0)
467.41,DG-H20(26:0)
468.3091,LysoPC(14:0)
468.3454,LysoPC-O(15:0)
468.4409,Cer(29:1)
470.4568,Cer(29:0)
474.3942,Cer(30:5)
474.4158,DG(24:0)
476.4099,Cer(30:4)
478.3295,LysoPC-P(16:1)
478.4255,Cer(30:3)
479.4097,DG-H20(27:1)
480.3452,LysoPC-O(16:1)
480.3454,LysoPC-P(16:0)
480.4412,Cer(30:2)
481.4256,DG-H20(27:0)
482.3247,LysoPC(15:0)
482.3611,LysoPC-O(16:0)
482.4568,Cer(30:1)
484.4725,Cer(30:0)
488.4314,DG(25:0)
489.3943,DG-H20(28:3)
491.41,DG-H20(28:2)
492.3451,LysoPC-P(17:1)
493.4256,DG-H20(28:1)
494.3245,LysoPC(16:1)
494.3608,LysoPC-O(17:1)
494.361,LysoPC-P(17:0)
495.4413,DG-H20(28:0)
496.3404,LysoPC(16:0)
496.3767,LysoPC-O(17:0)
496.4722,Cer(31:1)
498.4881,Cer(31:0)
500.4093,Cer(32:6)
500.4312,DG(26:1)
502.3297,LysoPC-P(18:3)
502.425,Cer(32:5)
502.4471,DG(26:0)
504.3454,LysoPC-O(18:3) or LysoPC-P(18:2)
504.4412,Cer(32:4)
506.361,LysoPC-P(18:1)
506.3611,LysoPC-O(18:2)
506.4568,Cer(32:3)
507.441,DG-H20(29:1)
508.3401,LysoPC(17:1)
508.3767,LysoPC-O(18:1) or LysoPC-P(18:0)
508.4725,Cer(32:2)
509.3243,PA(22:0)
509.4569,DG-H20(29:0)
510.356,LysoPC(17:0)
510.3924,LysoPC-O(18:0)
510.4879,Cer(32:1)
510.4881,Cer(32:1)
512.5037,Cer(32:0)
512.5038,Cer(32:0)
513.3943,DG-H20(30:5)
514.4468,DG(27:1)
515.41,DG-H20(30:4)
516.4627,DG(27:0)
517.4256,DG-H20(30:3)
518.3247,LysoPC(18:3)
519.4413,DG-H20(30:2)
520.3404,LysoPC(18:2)
520.4724,Cer(33:3)
521.4569,DG-H20(30:1)
522.356,LysoPC(18:1)
522.4881,Cer(33:2)
523.4726,DG-H20(30:0)
524.3717,LysoPC(18:0)
524.4314,DG(28:3)
524.5035,Cer(33:1)
524.5037,Cer(33:1)
526.3297,LysoPC-P(20:5)
526.4471,DG(28:2)
526.5194,Cer(33:0)
528.3454,LysoPC-O(20:5) or LysoPC-P(20:4)
528.4406,Cer(34:6)
528.4627,DG(28:1)
530.361,LysoPC-P(20:3)
530.3611,LysoPC-O(20:4)
530.4563,Cer(34:5)
530.4784,DG(28:0)
532.3767,LysoPC-O(20:3)
532.4725,Cer(34:4)
534.4879,Cer(34:3)
534.4881,Cer(34:3)
535.4723,DG-H20(31:1)
536.5038,Cer(34:2)
537.3556,PA(24:0)
537.4028,SM(22:0)
537.4882,DG-H20(31:0)
538.5192,Cer(34:1)
538.5194,Cer(34:1)
539.4094,DG-H20(32:6)
540.5351,Cer(34:0)
541.4251,DG-H20(32:5)
542.3247,LysoPC(20:5)
542.4781,DG(29:1)
543.4413,DG-H20(32:4)
544.3404,LysoPC(20:4)
544.4724,Cer(35:5)
544.494,DG(29:0)
545.4569,DG-H20(32:3)
546.356,LysoPC(20:3)
546.4881,Cer(35:4)
547.4726,DG-H20(32:2)
548.4314,DG(30:5)
548.5035,Cer(35:3)
548.5037,Cer(35:3)
549.488,DG-H20(32:1)
549.4882,DG-H20(32:1)
550.4236,LysoPC-P(21:0)
550.4471,DG(30:4)
550.5194,Cer(35:2)
551.3712,PA(25:0)
551.5038,DG-H20(32:0)
551.5039,DG-H20(32:0)
552.3448,LysoPC-P(22:6)
552.3665,PE(22:0)
552.4393,LysoPC-O(21:0)
552.4627,DG(30:3)
552.535,Cer(35:1)
554.3605,LysoPC-O(22:6) or LysoPC-P(22:5)
554.4784,DG(30:2)
554.5507,Cer(35:0)
556.3762,LysoPC-O(22:5)
556.4719,Cer(36:6)
556.494,DG(30:1)
558.4876,Cer(36:5)
558.4879,Cer(36:5)
558.5097,DG(30:0)
558.5244,CE(10:0)
559.4725,DG-H20(33:3)
560.5037,Cer(36:4)
560.5038,Cer(36:4)
561.4882,DG-H20(33:2)
562.5194,Cer(36:3)
563.371,PA(26:1)
563.5036,DG-H20(33:1)
563.5038,DG-H20(33:1)
564.4393,LysoPC-P(22:0)
564.5351,Cer(36:2)
565.3869,PA(26:0)
565.4341,SM(24:0)
565.5195,DG-H20(33:0)
566.4186,LysoPC(21:0)
566.455,LysoPC-O(22:0)
566.5507,Cer(36:1)
567.4407,DG-H20(34:6)
568.3398,LysoPC(22:6)
568.5664,Cer(36:0)
569.4564,DG-H20(34:5)
570.3555,LysoPC(22:5)
570.4875,Cer(37:6)
570.5094,DG(31:1)
571.4726,DG-H20(34:4)
572.5032,Cer(37:5)
572.5035,Cer(37:5)
572.5253,DG(31:0)
573.488,DG-H20(34:3)
573.4882,DG-H20(34:3)
574.4465,DG(32:6)
574.5194,Cer(37:4)
575.5039,DG-H20(34:2)
576.4622,DG(32:5)
576.535,Cer(37:3)
577.3866,PA(27:1)
577.5193,DG-H20(34:1)
577.5195,DG-H20(34:1)
578.4185,PC-P(22:0)
578.4784,DG(32:4)
579.4025,PA(27:0)
579.4497,SM(25:0)
579.5352,DG-H20(34:0)
580.3978,PE(24:0)
580.4342,PC-O(22:0)
580.4343,LysoPC(22:0)
580.4724,Cer(38:8)
580.494,DG(32:3)
580.5661,Cer(37:1)
582.4873,Cer(38:7)
582.4881,Cer(38:7)
582.5097,DG(32:2)
582.582,Cer(37:0)
583.4725,DG-H20(35:5)
584.5032,Cer(38:6)
584.5037,Cer(38:6)
584.5251,DG(32:1)
584.5253,DG(32:1)
585.4882,DG-H20(35:4)
586.5189,Cer(38:5)
586.5194,Cer(38:5)
586.5409,DG(32:0)
586.541,DG(32:0)
586.5557,CE(12:0)
587.3712,PA(28:3)
587.5036,DG-H20(35:3)
587.5038,DG-H20(35:3)
588.5351,Cer(38:4)
589.3869,PA(28:2)
589.5195,DG-H20(35:2)
590.4549,LysoPC-P(24:1)
590.5507,Cer(38:3)
591.4025,PA(28:1)
591.4495,SM(26:1)
591.5351,DG-H20(35:1)
592.4706,LysoPC-O(24:1)
593.4182,PA(28:0)
593.4654,SM(26:0)
593.5508,DG-H20(35:0)
594.4134,PE(25:0)
594.4135,PC(22:0)
594.5096,DG(33:3)
594.5817,Cer(38:1)
594.582,Cer(38:1)
595.472,DG-H20(36:6)
596.5029,Cer(39:7)
596.5253,DG(33:2)
596.5977,Cer(38:0)
597.4877,DG-H20(36:5)
597.488,DG-H20(36:5)
598.5188,Cer(39:6)
598.5407,DG(33:1)
598.5409,DG(33:1)
599.5038,DG-H20(36:4)
599.5039,DG-H20(36:4)
600.5345,Cer(39:5)
600.5566,DG(33:0)
601.5195,DG-H20(36:3)
602.4778,DG(34:6)
603.5352,DG-H20(36:2)
604.4935,DG(34:5)
604.5663,Cer(39:3)
605.4179,PA(29:1)
605.4651,SM(27:1)
605.5508,DG-H20(36:1)
606.4132,PE(26:1)
606.4498,PC-P(24:0)
606.4499,LysoPC(24:1)
606.4875,Cer(40:9)
606.5097,DG(34:4)
606.582,Cer(39:2)
607.4338,PA(29:0)
607.481,SM(27:0)
607.5665,DG-H20(36:0)
608.4291,PE(26:0)
608.4655,PC-O(24:0)
608.5032,Cer(40:8)
608.5037,Cer(40:8)
608.5251,DG(34:3)
608.5253,DG(34:3)
608.5976,Cer(39:1)
609.4876,DG-H20(37:6)
610.5188,Cer(40:7)
610.5194,Cer(40:7)
610.541,DG(34:2)
610.6133,Cer(39:0)
611.3712,PA(30:5)
611.5033,DG-H20(37:5)
611.5036,DG-H20(37:5)
612.5345,Cer(40:6)
612.5564,DG(34:1)
612.5566,DG(34:1)
613.3869,PA(30:4)
613.5195,DG-H20(37:4)
614.5502,Cer(40:5)
614.5723,DG(34:0)
614.587,CE(14:0)
615.4025,PA(30:3)
615.4497,SM(28:3)
615.5351,DG-H20(37:3)
617.4182,PA(30:2)
617.4654,SM(28:2)
618.5096,DG(35:5)
618.582,Cer(40:3)
619.4338,PA(30:1)
619.4725,DG-H20(38:8)
619.481,SM(28:1)
619.5662,DG-H20(37:1)
620.4288,PE(27:1)
620.4654,PC-P(25:0)
620.5253,DG(35:4)
620.5974,Cer(40:2)
621.4495,PA(30:0)
621.4874,DG-H20(38:7)
621.4882,DG-H20(38:7)
621.4967,SM(28:0)
621.5821,DG-H20(37:0)
622.4447,PE(27:0)
622.4448,PC(24:0)
622.4811,PC-O(25:0)
622.5407,DG(35:3)
622.5409,DG(35:3)
622.6133,Cer(40:1)
623.5033,DG-H20(38:6)
623.5038,DG-H20(38:6)
624.5566,DG(35:2)
624.629,Cer(40:0)
625.519,DG-H20(38:5)
625.5195,DG-H20(38:5)
626.5722,DG(35:1)
627.5352,DG-H20(38:4)
628.5663,Cer(41:5)
628.5879,DG(35:0)
628.6026,CE(15:0)
629.5508,DG-H20(38:3)
630.4134,PE(28:3)
630.4875,Cer(42:11)
630.5091,DG(36:6)
630.582,Cer(41:4)
632.4291,PE(28:2)
632.4652,PC-P(26:1)
632.5032,Cer(42:10)
632.5248,DG(36:5)
632.5251,DG(36:5)
632.5976,Cer(41:3)
633.4492,PA(31:1)
633.4964,SM(29:1)
633.5818,DG-H20(38:1)
633.5821,DG-H20(38:1)
634.4447,PE(28:1)
634.4809,PC-O(26:1)
634.4811,PC-P(26:0)
634.5188,Cer(42:9)
634.5409,DG(36:4)
634.541,DG(36:4)
634.613,Cer(41:2)
635.4651,PA(31:0)
635.503,DG-H20(39:7)
635.5123,SM(29:0)
635.5978,DG-H20(38:0)
636.4604,PC(25:0) or PE(28:0)
636.4968,PC-O(26:0)
636.5345,Cer(42:8)
636.5566,DG(36:3)
636.6289,Cer(41:1)
637.3863,PA(32:6)
637.5189,DG-H20(39:6)
638.5723,DG(36:2)
639.402,PA(32:5)
639.4497,SM(30:5)
639.5346,DG-H20(39:5)
640.5879,DG(36:1)
640.6024,CE(16:1)
641.4182,PA(32:4)
641.4654,SM(30:4)
642.582,Cer(42:5)
642.6036,DG(36:0)
642.6183,CE(16:0)
643.4338,PA(32:3)
643.481,SM(30:3)
643.5664,DG-H20(39:3)
644.5247,DG(37:6)
644.5976,Cer(42:4)
645.4495,PA(32:2)
645.4876,DG-H20(40:9)
645.4967,SM(30:2)
645.5821,DG-H20(39:2)
646.4808,PC-P(27:1)
646.5404,DG(37:5)
646.5407,DG(37:5)
646.6133,Cer(42:3)
647.4649,PA(32:1)
647.4651,PA(32:1)
647.5033,DG-H20(40:8)
647.5038,DG-H20(40:8)
647.5123,SM(30:1)
647.5977,DG-H20(39:1)
648.4601,PE(29:1)
648.4602,PC(26:1)
648.4965,PC-O(27:1)
648.4967,PC-P(27:0)
648.5566,DG(37:4)
648.6289,Cer(42:2)
649.4807,PA(32:0)
649.4808,PA(32:0)
649.5189,DG-H20(40:7)
649.5195,DG-H20(40:7)
649.528,SM(30:0)
649.6134,DG-H20(39:0)
650.476,PE(29:0)
650.4761,PC(26:0)
650.5124,PC-O(27:0)
650.5722,DG(37:3)
650.6446,Cer(42:1)
651.5346,DG-H20(40:6)
653.5503,DG-H20(40:5)
654.4134,PE(30:5)
654.5096,DG(38:8)
654.5814,Cer(43:6)
654.6033,DG(37:1)
654.618,CE(17:1)
656.4291,PE(30:4)
656.4654,PC-P(28:3)
656.5245,DG(38:7)
656.5253,DG(38:7)
656.5828,TG(36:0)**IS
656.5971,Cer(43:5)
656.6192,DG(37:0)
656.6339,CE(17:0)
657.4494,PA(33:3)
657.5821,DG-H20(40:3)
658.4447,PE(30:3)
658.4811,PC-O(28:3) or PC-P(28:2)
658.5183,Cer(44:11)
658.5404,DG(38:6)
658.5409,DG(38:6)
659.4651,PA(33:2)
659.5975,DG-H20(40:2)
660.4604,PE(30:2)
660.4967,PC-P(28:1)
660.4968,PC-O(28:2)
660.5561,DG(38:5)
660.5566,DG(38:5)
661.4805,PA(33:1)
661.5277,SM(31:1)
661.6134,DG-H20(40:1)
662.4758,PC(27:1)
662.476,PE(30:1)
662.5124,PC-O(28:1) or PC-P(28:0)
662.5723,DG(38:4)
663.4964,PA(33:0)
663.5436,SM(31:0)
663.6291,DG-H20(40:0)
664.4917,PC(27:0) or PE(30:0)
664.5281,PC-O(28:0)
664.5879,DG(38:3)
664.6026,CE(18:3)
665.4176,PA(34:6)
665.4648,SM(32:6)
666.6183,CE(18:2)
666.6759,Cer(43:0)
667.4333,PA(34:5)
667.4805,SM(32:5)
667.5664,DG-H20(41:5)
668.5976,Cer(44:6)
668.6189,DG(38:1)
668.6192,DG(38:1)
668.6339,CE(18:1)
669.4495,PA(34:4)
669.4876,DG-H20(42:11)
669.4967,SM(32:4)
669.5821,DG-H20(41:4)
670.5401,DG(39:7)
670.5984,TG(37:0)
670.6133,Cer(44:5)
670.6349,DG(38:0)
670.6496,CE(18:0)
671.4649,PA(34:3)
671.4651,PA(34:3)
671.5033,DG-H20(42:10)
671.5123,SM(32:3)
671.5977,DG-H20(41:3)
672.4604,PC(28:3)
672.556,DG(39:6)
672.6289,Cer(44:4)
673.4808,PA(34:2)
673.5189,DG-H20(42:9)
673.528,SM(32:2)
673.6131,DG-H20(41:2)
674.4761,PC(28:2)
674.5121,PC-P(29:1)
674.5717,DG(39:5)
675.4962,PA(34:1)
675.5346,DG-H20(42:8)
675.5434,SM(32:1)
675.5436,SM(32:1)
675.629,DG-H20(41:1)
676.4914,PE(31:1)
676.4917,PC(28:1)
676.5278,PC-O(29:1)
676.528,PC-P(29:0)
677.5121,PA(34:0)
677.5592,SM(32:0)
677.5593,SM(32:0)
678.5073,PE(31:0)
678.5074,PC(28:0)
678.5437,PC-O(29:0)
678.6035,DG(39:3)
680.4285,PE(32:6)
680.4654,PC-P(30:5)
680.5247,DG(40:9)
680.6192,DG(39:2)
681.4494,PA(35:5)
681.5821,DG-H20(42:5)
682.4442,PE(32:5)
682.4811,PC-O(30:5) or PC-P(30:4)
682.5404,DG(40:8)
682.5409,DG(40:8)
682.5982,TG(38:1)
682.6348,DG(39:1)
683.4651,PA(35:4)
683.5977,DG-H20(42:4)
684.4604,PE(32:4)
684.4967,PC-P(30:3)
684.4968,PC-O(30:4)
684.556,DG(40:7)
684.5566,DG(40:7)
684.6141,TG(38:0)
684.6505,DG(39:0)
685.4805,PA(35:3)
685.4807,PA(35:3)
685.5279,SM(33:3)
685.6134,DG-H20(42:3)
686.476,PE(32:3)
686.5124,PC-O(30:3) or PC-P(30:2)
686.5717,DG(40:6)
687.4964,PA(35:2)
687.5436,SM(33:2)
687.629,DG-H20(42:2)
688.4917,PE(32:2)
688.528,PC-P(30:1)
688.5281,PC-O(30:2)
688.5874,DG(40:5)
688.6026,CE(20:5)
689.512,PA(35:1)
689.559,SM(33:1)
689.5592,SM(33:1)
689.6447,DG-H20(42:1)
690.5071,PC(29:1) or PE(32:1)
690.5073,PE(32:1)
690.5437,PC-O(30:1)
690.5437,PC-P(30:0)
690.6183,CE(20:4)
691.5277,PA(35:0)
691.5749,SM(33:0)
691.5749,SM(33:0)
692.5229,PE(32:0)
692.523,PC(29:0)
692.523,PE(32:0)
692.5594,PC-O(30:0)
692.6192,DG(40:3)
692.6339,CE(20:3)
692.6915,Cer(45:1)
693.4489,PA(36:6)
693.4961,SM(34:6)
693.5815,DG-H20(43:6)
694.6127,Cer(46:7)
694.6346,DG(40:2)
695.4646,PA(36:5)
695.4649,PA(36:5)
695.5118,SM(34:5)
695.5972,DG-H20(43:5)
696.4604,PC(30:5)
696.6138,TG(39:1)
696.6284,Cer(46:6)
696.6505,DG(40:1)
697.4807,PA(36:4)
697.4808,PA(36:4)
697.5184,DG-H20(44:11)
697.528,SM(34:4)
698.4761,PC(30:4)
698.6297,TG(39:0)
698.6662,DG(40:0)
699.4964,PA(36:3)
699.5434,SM(34:3)
699.5436,SM(34:3)
700.4916,PE(33:3)
700.4917,PC(30:3)
701.5121,PA(36:2)
701.5593,SM(34:2)
702.5073,PE(33:2)
702.5074,PC(30:2)
702.5434,PC-P(31:1)
702.6035,DG(41:5)
703.5277,PA(36:1)
703.5747,SM(34:1)
703.5749,SM(34:1)
704.5227,PE(33:1)
704.5229,PE(33:1)
704.523,PC(30:1)
704.5247,DG(42:11)
704.5591,PC-O(31:1)
704.5593,PC-P(31:0)
704.6192,DG(41:4)
705.5434,PA(36:0)
705.5906,SM(34:0)
705.676,DG-H20(43:0)
706.4805,PC-P(32:6)
706.5386,PE(33:0)
706.5387,PC(30:0)
706.5404,DG(42:10)
706.575,PC-O(31:0)
706.5984,TG(40:3)
706.6348,DG(41:3)
706.7072,Cer(46:1)
707.4645,PA(37:6)
707.5977,DG-H20(44:6)
708.4598,PE(34:6)
708.4962,PC-O(32:6)
708.4962,PC-P(32:5)
708.556,DG(42:9)
708.6141,TG(40:2)
708.6502,DG(41:2)
709.4802,PA(37:5)
709.4805,PA(37:5)
709.5279,SM(35:5)
709.6134,DG-H20(44:5)
710.4755,PE(34:5)
710.5119,PC-O(32:5)
710.5124,PC-P(32:4)
710.5717,DG(42:8)
710.6297,TG(40:1)
710.6661,DG(41:1)
711.4964,PA(37:4)
711.5436,SM(35:4)
711.629,DG-H20(44:4)
712.4917,PE(34:4)
712.528,PC-P(32:3)
712.5281,PC-O(32:4)
712.6454,TG(40:0)
712.6965,CE(21:0)
713.512,PA(37:3)
713.559,SM(35:3)
713.5592,SM(35:3)
714.5071,PE(34:3)
714.5073,PE(34:3)
714.5437,PC-O(32:3)
714.5437,PC-P(32:2)
714.6177,CE(22:6)
715.5749,SM(35:2)
716.523,PE(34:2)
716.5591,PC-P(32:1)
716.5593,PC-P(32:1)
716.5594,PC-O(32:2)
716.6192,DG(42:5)
716.6334,CE(22:5)
717.4494,PA(38:8)
717.5431,PA(37:1)
717.5905,SM(35:1)**IS
718.5384,PC(31:1)
718.5384,PE(34:1)
718.5386,PE(34:1)
718.5748,PC-O(32:1)
718.5749,PC-P(32:0)
718.575,PC-O(32:1) or PC-P(32:0)
718.6348,DG(42:4)
719.4643,PA(38:7)
719.4651,PA(38:7)
719.559,PA(37:0)
719.6062,SM(35:0)
720.5543,PC(31:0)
720.5543,PE(34:0)
720.5906,PC-O(32:0)
720.5907,PC-O(32:0)
720.6505,DG(42:3)
721.4802,PA(38:6)
721.4807,PA(38:6)
721.5274,SM(36:6)
722.4755,PC(32:6)
722.6661,DG(42:2)
723.4959,PA(38:5)
723.4964,PA(38:5)
723.5431,SM(36:5)
723.5434,SM(36:5)
724.4912,PC(32:5)
724.4916,PE(35:5)
724.6451,TG(41:1)
724.6818,DG(42:1)
725.5121,PA(38:4)
725.5592,SM(36:4)
725.5593,SM(36:4)
726.5073,PE(35:4)
726.5074,PC(32:4)
726.5436,PC-P(33:3)
726.661,TG(41:0)
726.7122,CE(22:0)
727.5277,PA(38:3)
727.5749,SM(36:3)
728.5227,PE(35:3)
728.5229,PE(35:3)
728.523,PC(32:3)
728.5593,PC-O(33:3) or PC-P(33:2)
728.6186,DG(43:6)
729.5906,SM(36:2)
730.5386,PE(35:2)
730.5387,PC(32:2)
730.5747,PC-P(33:1)
730.5749,PC-P(33:1)
730.575,PC-O(33:2)
730.5984,TG(42:5)
730.6343,DG(43:5)
731.5587,PA(38:1)
731.559,PA(38:1)
731.6062,SM(36:1)
731.6916,DG-H20(45:1)
732.5541,PC(32:1)
732.5542,PE(35:1)
732.5543,PC(32:1)
732.5555,DG(44:11)
732.5904,PC-O(33:1)
732.5906,PC-P(33:0)
732.6141,TG(42:4)
733.4799,PA(39:7)
733.5747,PA(38:0)
733.6128,DG-H20(46:7)
733.6219,SM(36:0)
734.5118,PC-P(34:6)
734.5699,PC(32:0) or PE(35:0)
734.57,PC(32:0)
734.6063,PC-O(33:0) or PC-O(33:0)
734.6297,TG(42:3)
735.4958,PA(39:6)
735.543,SM(37:6)
735.6285,DG-H20(46:6)
736.4911,PE(36:6)
736.5275,PC-O(34:6) or PC-P(34:5)
736.6454,TG(42:2)
737.5115,PA(39:5)
737.5587,SM(37:5)
737.559,SM(37:5)
738.5068,PE(36:5)
738.5071,PE(36:5)
738.5432,PC-O(34:5)
738.5437,PC-P(34:4)
738.6608,TG(42:1)
738.661,TG(42:1)
739.5749,SM(37:4)
740.5229,PE(36:4)
740.523,PE(36:4)
740.5591,PC-P(34:3)
740.5593,PC-P(34:3)
740.5594,PC-O(34:4)
740.6767,TG(42:0)
740.7131,DG(43:0)
741.5433,PA(39:3)
741.5905,SM(37:3)
742.5386,PC(33:3) or PE(36:3)
742.5748,PC-O(34:3)
742.575,PC-P(34:2)
742.6348,DG(44:6)
743.4645,PA(40:9)
743.559,PA(39:2)
744.5543,PC(33:2) or PE(36:2)
744.5904,PC-P(34:1)
744.5906,PC-P(34:1)
744.5907,PC-O(34:2)
744.6505,DG(44:5)
745.4802,PA(40:8)
745.4807,PA(40:8)
745.5279,SM(38:8)
745.5746,PA(39:1)
745.6216,SM(37:1)
745.7073,DG-H20(46:1)
746.5697,PC(33:1)
746.5699,PC(33:1) or PE(36:1)
746.6061,PC-O(34:1)
746.6063,PC-O(34:1) or PC-P(34:0)
746.6661,DG(44:4)
747.4958,PA(40:7)
747.4964,PA(40:7)
747.5428,SM(38:7)
747.5436,SM(38:7)
747.5903,PA(39:0)
747.6375,SM(37:0)
748.5856,PC(33:0)
748.5856,PE(36:0)
748.622,PC-O(34:0)
748.6453,TG(43:3)
749.5115,PA(40:6)
749.5587,SM(38:6)
749.5592,SM(38:6)
750.5067,PE(37:6)
750.5068,PC(34:6)
750.5436,PC-P(35:5)
750.661,TG(43:2)
751.5272,PA(40:5)
751.5744,SM(38:5)
751.5749,SM(38:5)
752.5224,PE(37:5)
752.5225,PC(34:5)
752.5227,PE(37:5)
752.5593,PC-O(35:5) or PC-P(35:4)
752.6764,TG(43:1)
752.6766,TG(43:1)
752.7278,CE(24:1)
753.5906,SM(38:4)
754.5386,PE(37:4)
754.5387,PC(34:4)
754.5747,PC-P(35:3)
754.5749,PC-P(35:3)
754.575,PC-O(35:4)
754.6923,TG(43:0)
755.559,PA(40:3)
755.6062,SM(38:3)
756.5541,PC(34:3)
756.5542,PE(37:3)
756.5543,PC(34:3)
756.5904,PC-O(35:3)
756.5906,PC-O(35:3)
756.5906,PC-P(35:2)
756.6135,TG(44:6)
757.5744,PA(40:2)
758.57,PC(34:2)
758.6062,PC-P(35:1)
758.6063,PC-O(35:2)
758.6292,TG(44:5)
759.5903,PA(40:1)
759.6372,SM(38:1)
759.6375,SM(38:1)
760.4916,PE(38:8)
760.5853,PE(37:1)
760.5854,PC(34:1)
760.5856,PC(34:1)
760.6219,PC-O(35:1) or PC-P(35:0)
760.6454,TG(44:4)
761.5584,SM(39:7)
761.606,PA(40:0)
761.6532,SM(38:0)
762.5065,PE(38:7)
762.5073,PE(38:7)
762.5431,PC-P(36:6)
762.6012,PE(37:0)
762.6013,PC(34:0)
762.6376,PC-O(35:0)
762.6608,TG(44:3)
762.661,TG(44:3)
762.6735,phosphocholine**IS
763.5743,SM(39:6)
764.5224,PE(38:6)
764.5229,PE(38:6)
764.5588,PC-O(36:6) or PC-P(36:5)
764.5591,PC-P(36:5)
764.6767,TG(44:2)
765.5433,PA(41:5)
765.59,SM(39:5)
766.5381,PE(38:5)
766.5386,PC(35:5) or PE(38:5)
766.5745,PC-O(36:5)
766.5748,PC-O(36:5)
766.5749,PC-P(36:4)
766.575,PC-P(36:4)
766.692,TG(44:1)
766.6923,TG(44:1)
766.7287,DG(45:1)
767.4645,PA(42:11)
767.559,PA(41:4)
768.5543,PC(35:4) or PE(38:4)
768.5906,PC-O(36:4) or PC-P(36:3)
768.5906,PC-P(36:3)
768.5907,PC-O(36:4)
768.6499,DG(46:7)
768.708,TG(44:0)
769.4802,PA(42:10)
769.5746,PA(41:3)
769.6218,SM(39:3)
770.5697,PC(35:3)
770.5699,PC(35:3) or PE(38:3)
770.6063,PC-O(36:3) or PC-P(36:2)
770.6656,DG(46:6)
771.4958,PA(42:9)
771.543,SM(40:9)
771.59,PA(41:2)
771.6375,SM(39:2)
772.5856,PC(35:2)
772.6219,PC-P(36:1)
772.622,PC-O(36:2)
772.6453,TG(45:5)
773.5115,PA(42:8)
773.5587,SM(40:8)
773.5592,SM(40:8)
773.6059,PA(41:1)
773.6531,SM(39:1)
774.6009,PE(38:1)
774.6012,PC(35:1) or PE(38:1)
774.6376,PC-O(36:1) or PC-P(36:0)
774.661,TG(45:4)
775.5743,SM(40:7)
775.5749,SM(40:7)
775.6688,SM(39:0)
776.5221,PE(39:7)
776.5587,PC-P(37:6)
776.6169,PC(35:0) or PE(38:0)
776.6533,PC-O(36:0)
776.6764,TG(45:3)
776.6766,TG(45:3)
776.6892,phosphoethanolamine**IS
777.59,SM(40:6)
778.538,PE(39:6)
778.5381,PC(36:6)
778.5744,PC-O(37:6) or PC-P(37:5)
778.5747,PC-P(37:5)
778.6923,TG(45:2)
779.559,PA(42:5)
779.6057,SM(40:5)
780.5537,PE(39:5)
780.5538,PC(36:5)
780.5541,PC(36:5)
780.5901,PC-O(37:5)
780.5904,PC-O(37:5)
780.5906,PC-P(37:4)
780.7077,TG(45:1)
780.7079,TG(45:1)
780.7444,DG(46:1)
781.5746,PA(42:4)
782.5699,PC(36:4)
782.57,PC(36:4)
782.6062,PC-P(37:3)
782.6063,PC-O(37:4)
782.7236,TG(45:0)
783.5903,PA(42:3)
783.6375,SM(40:3)
784.5855,PE(39:3)
784.5856,PC(36:3)
784.6219,PC-O(37:3)
784.6448,TG(46:6)
785.6059,PA(42:2)
785.6529,SM(40:2)
786.5067,PE(40:9)
786.5436,PC-P(38:8)
786.6012,PE(39:2)
786.6013,PC(36:2)
786.6373,PC-P(37:1)
786.6605,TG(46:5)
786.6608,TG(46:5)
786.661,TG(46:5)
787.6216,PA(42:1)
787.6688,SM(40:1)
788.5224,PE(40:8)
788.5229,PE(40:8)
788.5585,PC-P(38:7)
788.5593,PC-O(38:8)
788.5593,PC-P(38:7)
788.6168,PE(39:1)
788.6169,PC(36:1)
788.653,PC-O(37:1)
788.6532,PC-P(37:0)
788.6764,TG(46:4)
788.6766,TG(46:4)
788.6767,TG(46:4)
789.6845,SM(40:0)
790.538,PE(40:7)
790.5386,PE(40:7)
790.5742,PC-O(38:7)
790.5744,PC-P(38:6)
790.5749,PC-P(38:6)
790.575,PC-O(38:7)
790.6325,PE(39:0)
790.6326,PC(36:0)
790.6689,PC-O(37:0)
790.6923,TG(46:3)
790.6923,TG(46:3)
790.6923,TG(46:3)
791.5584,PA(43:6)
792.5537,PC(37:6) or PE(40:6)
792.5901,PC-O(38:6) or PC-P(38:5)
792.5906,PC-O(38:6) or PC-P(38:5)
792.7077,TG(46:2)
792.708,TG(46:2)
793.5741,PA(43:5)
793.6218,SM(41:5)
794.5694,PC(37:5)
794.5694,PE(40:5)
794.5697,PC(37:5)
794.6058,PC-O(38:5)
794.6063,PC-O(38:5) or PC-P(38:4)
794.7233,TG(46:1)
794.7236,TG(46:1)
795.4953,PA(44:11)
795.543,SM(42:11)
795.6375,SM(41:4)
796.5856,PC(37:4)
796.6219,PC-P(38:3)
796.622,PC-O(38:4)
796.7393,TG(46:0)
797.5587,SM(42:10)
797.6531,SM(41:3)
798.6012,PC(37:3)
798.6012,PE(40:3)
798.6376,PC-O(38:3)
798.6604,TG(47:6)
799.5743,SM(42:9)
799.6685,SM(41:2)
800.6166,PE(40:2)
800.6529,PC-P(38:1)
800.6532,PC-P(38:1)
800.6761,TG(47:5)
801.59,SM(42:8)
801.6844,SM(41:1)
802.5386,PC(38:8)
802.5741,PC-P(39:7)
802.6323,PC(37:1)
802.6325,PE(40:1)
802.6686,PC-O(38:1)
802.6689,PC-O(38:1) or PC-P(38:0)
802.6923,TG(47:4)
803.6529,PA(43:0)
804.5535,PC(38:7)
804.5543,PC(38:7)
804.5898,PC-O(39:7)
804.59,PC-P(39:6)
804.6482,PC(37:0) or PE(40:0)
804.6846,PC-O(38:0)
804.7079,TG(47:3)
805.5746,PA(44:6)
806.5694,PC(38:6)
806.5699,PC(38:6)
806.6057,PC-O(39:6) or PC-P(39:5)
806.7236,TG(47:2)
807.5903,PA(44:5)
807.6375,SM(42:5)
808.5851,PC(38:5)
808.5855,PE(41:5)
808.5856,PC(38:5)
808.6214,PC-O(39:5)
808.6453,TG(48:8)
808.739,TG(47:1)
809.6059,PA(44:4)
809.6531,SM(42:4)
810.5067,PE(42:11)
810.6012,PE(41:4)
810.6013,PC(38:4)
810.6375,PC-P(39:3)
810.6602,TG(48:7)
810.661,TG(48:7)
810.7549,TG(47:0)
811.6688,SM(42:3)
812.5224,PE(42:10)
812.5587,PC-P(40:9)
812.6168,PE(41:3)
812.6169,PC(38:3)
812.6532,PC-O(39:3) or PC-P(39:2)
812.6761,TG(48:6)
812.6766,TG(48:6)
813.6844,SM(42:2)
814.538,PE(42:9)
814.5744,PC-O(40:9) or PC-P(40:8)
814.5749,PC-P(40:8)
814.6322,PE(41:2)
814.6688,PC-P(39:1)
814.6689,PC-O(39:2)
814.6918,TG(48:5)
814.6921,TG(48:5)
814.6923,TG(48:5)
815.7001,SM(42:1)
816.5537,PE(42:8)
816.59,PC-P(40:7)
816.5901,PC-O(40:8)
816.5906,PC-O(40:8) or PC-P(40:7)
816.6479,PC(38:1)
816.6481,PE(41:1)
816.6482,PC(38:1)
816.6845,PC-O(39:1) or PC-P(39:0)
816.7079,TG(48:4)
816.708,TG(48:4)
818.5691,PC(39:7)
818.6057,PC-O(40:7) or PC-P(40:6)
818.6063,PC-O(40:7)
818.6639,PC(38:0)
818.7002,PC-O(39:0)
818.7236,TG(48:3)
819.6369,SM(43:6)
820.585,PC(39:6)
820.6214,PC-O(40:6) or PC-P(40:5)
820.739,TG(48:2)
820.7393,TG(48:2)
821.6526,SM(43:5)
822.6007,PC(39:5)
822.6012,PE(42:5)
822.6371,PC-O(40:5)
822.7546,TG(48:1)
822.7549,TG(48:1)
823.5738,SM(44:11)
824.6168,PE(42:4)
824.6532,PC-P(40:3)
824.6758,TG(49:7)
824.7706,TG(48:0)
826.6325,PC(39:3)
826.6325,PE(42:3)
826.6686,PC-P(40:2)
826.6689,PC-O(40:3)
826.6917,TG(49:6)
826.6917,TG(49:6)
828.5537,PC(40:9)
828.6481,PE(42:2)
828.6482,PC(39:2)
828.6843,PC-O(40:2)
828.6845,PC-P(40:1)
828.7074,TG(49:5)
828.7079,TG(49:5)
829.6685,PA(45:1)
830.5694,PC(40:8)
830.5699,PC(40:8)
830.6638,PC(39:1) or PE(42:1)
830.7002,PC-O(40:1) or PC-P(40:0)
830.7233,TG(49:4)
830.7236,TG(49:4)
831.5897,PA(46:7)
831.7314,SM(43:0)
832.585,PC(40:7)
832.5856,PC(40:7)
832.6795,PC(39:0)
832.7159,PC-O(40:0)
832.739,TG(49:3)
832.7392,TG(49:3)
833.6054,PA(46:6)
833.6531,SM(44:6)
834.6006,PE(43:6)
834.6007,PC(40:6)
834.6375,PC-P(41:5)
834.6604,TG(50:9)
834.7546,TG(49:2)
835.6688,SM(44:5)
836.5587,PC-P(42:11)
836.6163,PE(43:5)
836.6164,PC(40:5)
836.6532,PC-O(41:5) or PC-P(41:4)
836.6761,TG(50:8)
836.6766,TG(50:8)
836.7702,TG(49:1)
836.7705,TG(49:1)
836.7705,TG(49:1)
837.6844,SM(44:4)
838.5375,PE(44:11)
838.5744,PC-O(42:11) or PC-P(42:10)
838.6688,PC-P(41:3)
838.6689,PC-O(41:4)
838.6917,TG(50:7)
838.6923,TG(50:7)
838.7862,TG(49:0)
840.59,PC-P(42:9)
840.5901,PC-O(42:10)
840.6482,PC(40:3)
840.6842,PC-P(41:2)
840.6845,PC-O(41:3)
840.7074,TG(50:6)
840.7079,TG(50:6)
842.6057,PC-O(42:9) or PC-P(42:8)
842.6057,PC-P(42:8)
842.6636,PC(40:2)
842.6999,PC-O(41:2)
842.7001,PC-P(41:1)
842.7231,TG(50:5)
842.7234,TG(50:5)
842.7236,TG(50:5)
842.7236,TG(50:5)
843.6842,PA(46:1)
844.6214,PC-O(42:8)
844.6795,PC(40:1)
844.7158,PC-O(41:1)
844.739,TG(50:4)
844.7392,TG(50:4)
844.7393,TG(50:4)
844.7393,TG(50:4)
846.6951,PE(43:0)
846.6952,PC(40:0)
846.7546,TG(50:3)
846.7549,TG(50:3)
846.7549,TG(50:3)
846.7549,TG(50:3)
848.6168,PE(44:6)
848.6532,PC-P(42:5)
848.77,TG(50:2)
848.7702,TG(50:2)
848.7703,TG(50:2)
848.7706,TG(50:2)
850.6325,PC(41:5)
850.6325,PE(44:5)
850.6688,PC-P(42:4)
850.6689,PC-O(42:5)
850.7859,TG(50:1)
850.786,TG(50:1)
850.7861,TG(50:1)
850.7862,TG(50:1)
850.7862,TG(50:1)
852.5537,PC(42:11)
852.6481,PE(44:4)
852.6482,PC(41:4)
852.6845,PC-O(42:4)
852.6845,PC-P(42:3)
852.7071,TG(51:7)
852.8018,TG(50:0)
852.8018,TG(50:0)
852.8019,TG(50:0)
854.5694,PC(42:10)
854.6638,PC(41:3)
854.7001,PC-P(42:2)
854.7002,PC-O(42:3)
854.723,TG(51:6)
854.723,TG(51:6)
854.7233,TG(51:6)
856.585,PC(42:9)
856.6792,PC(41:2)
856.7158,PC-O(42:2)
856.7158,PC-P(42:1)
856.7387,TG(51:5)
856.7387,TG(51:5)
856.739,TG(51:5)
856.739,TG(51:5)
856.7392,TG(51:5)
857.747,SM(45:1)
858.6007,PC(42:8)
858.6604,TG(52:11)
858.6951,PC(41:1)
858.7315,PC-O(42:1)
858.7544,TG(51:4)
858.7546,TG(51:4)
858.7546,TG(51:4)
858.7546,TG(51:4)
858.7549,TG(51:4)
859.6682,SM(46:7)
860.6526,PC-P(43:6)
860.6761,TG(52:10)
860.7703,TG(51:3)
860.7705,TG(51:3)
860.7705,TG(51:3)
860.7705,TG(51:3)
860.7705,TG(51:3)
861.6839,SM(46:6)
862.6683,PC-O(43:6)
862.6683,PC-P(43:5)
862.6917,TG(52:9)
862.6917,TG(52:9)
862.7857,TG(51:2)
862.7859,TG(51:2)
862.7859,TG(51:2)
862.7862,TG(51:2)
864.5895,PC-P(44:11)
864.6482,PC(42:5)
864.684,PC-O(43:5)
864.7074,TG(52:8)
864.7074,TG(52:8)
864.7079,TG(52:8)
864.8016,TG(51:1)
864.8016,TG(51:1)
864.8016,TG(51:1)
864.8018,TG(51:1)
864.8018,TG(51:1)
866.6052,PC-O(44:11)
866.6638,PC(42:4)
866.723,TG(52:7)
866.7236,TG(52:7)
866.7236,TG(52:7)
866.8175,TG(51:0)
866.8175,TG(51:0)
866.8175,TG(51:0)
868.6795,PC(42:3)
868.7387,TG(52:6)
868.7387,TG(52:6)
868.739,TG(52:6)
868.7392,TG(52:6)
868.7392,TG(52:6)
870.6951,PC(42:2)
870.7544,TG(52:5)
870.7546,TG(52:5)
870.7547,TG(52:5)
870.7548,TG(52:5)
870.7549,TG(52:5)
870.7549,TG(52:5)
871.7627,SM(46:1)
872.7107,PE(45:1)
872.7108,PC(42:1)
872.7471,PC-P(43:0)
872.7702,TG(52:4)
872.7703,TG(52:4)
872.7703,TG(52:4)
872.7705,TG(52:4)
872.7705,TG(52:4)
872.7706,TG(52:4)
874.6319,PE(46:7)
874.6688,PC-P(44:6)
874.7628,PC-O(43:0)
874.7859,TG(52:3)
874.7861,TG(52:3)
874.7862,TG(52:3)
874.7862,TG(52:3)
874.7862,TG(52:3)
876.6476,PC(43:6)
876.6476,PE(46:6)
876.6845,PC-O(44:6)
876.6845,PC-P(44:5)
876.8016,TG(52:2)
876.8018,TG(52:2)
876.8019,TG(52:2)
878.6633,PC(43:5)
878.7001,PC-P(44:4)
878.7002,PC-O(44:5)
878.7235,TG(53:8)
878.8172,TG(52:1)
878.8175,TG(52:1)
878.8175,TG(52:1)
878.8175,TG(52:1)
880.5845,PC(44:11)
880.7158,PC-O(44:4)
880.7384,TG(53:7)
880.7387,TG(53:7)
880.7392,TG(53:7)
880.8331,TG(52:0)
880.8332,TG(52:0)
882.7541,TG(53:6)
882.7541,TG(53:6)
882.7543,TG(53:6)
882.7544,TG(53:6)
882.7546,TG(53:6)
882.7549,TG(53:6)
884.77,TG(53:5)
884.77,TG(53:5)
884.77,TG(53:5)
884.7702,TG(53:5)
884.7703,TG(53:5)
884.7705,TG(53:5)
884.7705,TG(53:5)
886.6912,TG(54:11)
886.7264,PE(46:1)
886.7859,TG(53:4)
886.7859,TG(53:4)
886.7861,TG(53:4)
886.7861,TG(53:4)
886.7862,TG(53:4)
888.7074,TG(54:10)
888.7421,PC(43:0)
888.8016,TG(53:3)
888.8018,TG(53:3)
888.8018,TG(53:3)
888.8018,TG(53:3)
890.6638,PC(44:6)
890.723,TG(54:9)
890.723,TG(54:9)
890.7233,TG(54:9)
890.8172,TG(53:2)
890.8175,TG(53:2)
892.6795,PC(44:5)
892.7387,TG(54:8)
892.7387,TG(54:8)
892.739,TG(54:8)
892.7392,TG(54:8)
892.8329,TG(53:1)
892.8329,TG(53:1)
892.8329,TG(53:1)
892.8331,TG(53:1)
894.6951,PC(44:4)
894.7541,TG(54:7)
894.7543,TG(54:7)
894.7547,TG(54:7)
894.7549,TG(54:7)
894.7549,TG(54:7)
894.8487,TG(53:0)
894.8488,TG(53:0)
894.8488,TG(53:0)
896.7698,TG(54:6)
896.7699,TG(54:6)
896.77,TG(54:6)
896.7703,TG(54:6)
896.7703,TG(54:6)
896.7705,TG(54:6)
896.7705,TG(54:6)
896.7706,TG(54:6)
898.7627,PC-P(45:1)
898.7856,TG(54:5)
898.7859,TG(54:5)
898.786,TG(54:5)
898.7862,TG(54:5)
898.7862,TG(54:5)
898.7862,TG(54:5)
900.6839,PC-P(46:7)
900.7784,PC-O(45:1)
900.8015,TG(54:4)
900.8018,TG(54:4)
900.8018,TG(54:4)
900.8019,TG(54:4)
902.6996,PC-O(46:7)
902.6996,PC-P(46:6)
902.8175,TG(54:3)
902.8175,TG(54:3)
902.8175,TG(54:3)
904.7153,PC-O(46:6)
904.7386,TG(55:9)
904.7389,TG(55:9)
904.8326,TG(54:2)
904.8331,TG(54:2)
904.8332,TG(54:2)
906.7543,TG(55:8)
906.7546,TG(55:8)
906.7548,TG(55:8)
906.7548,TG(55:8)
906.8485,TG(54:1)
906.8487,TG(54:1)
906.8488,TG(54:1)
906.8488,TG(54:1)
908.7697,TG(55:7)
908.7699,TG(55:7)
908.7702,TG(55:7)
908.7702,TG(55:7)
908.7705,TG(55:7)
908.7705,TG(55:7)
908.8644,TG(54:0)
908.8645,TG(54:0)
910.7854,TG(55:6)
910.7856,TG(55:6)
910.7856,TG(55:6)
910.7859,TG(55:6)
910.7861,TG(55:6)
910.7861,TG(55:6)
912.7784,PC-P(46:1)
912.8013,TG(55:5)
912.8013,TG(55:5)
912.8015,TG(55:5)
912.8018,TG(55:5)
912.8018,TG(55:5)
914.7225,TG(56:11)
914.7577,PC(45:1)
914.7941,PC-O(46:1)
914.8172,TG(55:4)
914.8175,TG(55:4)
914.8175,TG(55:4)
916.6789,PC(46:7)
916.7384,TG(56:10)
916.7387,TG(56:10)
916.7392,TG(56:10)
916.8331,TG(55:3)
916.8331,TG(55:3)
916.8331,TG(55:3)
918.6946,PC(46:6)
918.7541,TG(56:9)
918.7543,TG(56:9)
918.7543,TG(56:9)
918.7546,TG(56:9)
918.7549,TG(56:9)
918.8483,TG(55:2)
918.8485,TG(55:2)
918.8488,TG(55:2)
920.7697,TG(56:8)
920.77,TG(56:8)
920.77,TG(56:8)
920.7703,TG(56:8)
920.7705,TG(56:8)
920.7705,TG(56:8)
920.8641,TG(55:1)
920.8642,TG(55:1)
920.8642,TG(55:1)
920.8644,TG(55:1)
920.8644,TG(55:1)
922.7853,TG(56:7)
922.7854,TG(56:7)
922.7856,TG(56:7)
922.7857,TG(56:7)
922.7861,TG(56:7)
922.7862,TG(56:7)
922.8801,TG(55:0)
922.8801,TG(55:0)
924.801,TG(56:6)
924.8013,TG(56:6)
924.8013,TG(56:6)
924.8013,TG(56:6)
924.8018,TG(56:6)
924.8019,TG(56:6)
926.817,TG(56:5)
926.8175,TG(56:5)
926.8175,TG(56:5)
926.8175,TG(56:5)
928.7386,TG(57:11)
928.7734,PC(46:1)
928.8329,TG(56:4)
928.8331,TG(56:4)
928.8331,TG(56:4)
928.8332,TG(56:4)
930.754,TG(57:10)
930.7543,TG(57:10)
930.8485,TG(56:3)
930.8486,TG(56:3)
930.8487,TG(56:3)
930.8488,TG(56:3)
932.7697,TG(57:9)
932.7699,TG(57:9)
932.7699,TG(57:9)
932.7702,TG(57:9)
932.8641,TG(56:2)
932.8642,TG(56:2)
932.8642,TG(56:2)
932.8644,TG(56:2)
934.7853,TG(57:8)
934.7856,TG(57:8)
934.7856,TG(57:8)
934.7859,TG(57:8)
934.8799,TG(56:1)
934.88,TG(56:1)
934.88,TG(56:1)
934.8801,TG(56:1)
936.801,TG(57:7)
936.8012,TG(57:7)
936.8018,TG(57:7)
936.8958,TG(56:0)
938.8167,TG(57:6)
938.8169,TG(57:6)
938.8169,TG(57:6)
940.7384,TG(58:12)
940.8326,TG(57:5)
940.8326,TG(57:5)
940.8331,TG(57:5)
942.7538,TG(58:11)
942.7541,TG(58:11)
942.7543,TG(58:11)
942.7548,TG(58:11)
942.8485,TG(57:4)
942.8487,TG(57:4)
942.8488,TG(57:4)
944.7697,TG(58:10)
944.7699,TG(58:10)
944.77,TG(58:10)
944.77,TG(58:10)
944.7705,TG(58:10)
944.8644,TG(57:3)
944.8644,TG(57:3)
944.8644,TG(57:3)
944.8644,TG(57:3)
946.7854,TG(58:9)
946.7856,TG(58:9)
946.7856,TG(58:9)
946.7862,TG(58:9)
946.7862,TG(58:9)
946.8798,TG(57:2)
946.8798,TG(57:2)
946.88,TG(57:2)
948.8013,TG(58:8)
948.8013,TG(58:8)
948.8013,TG(58:8)
948.8955,TG(57:1)
948.8957,TG(57:1)
948.8957,TG(57:1)
950.8169,TG(58:7)
950.817,TG(58:7)
950.9114,TG(57:0)
952.8326,TG(58:6)
952.8326,TG(58:6)
952.8326,TG(58:6)
952.8329,TG(58:6)
954.754,TG(59:12)
954.8482,TG(58:5)
954.8485,TG(58:5)
954.8487,TG(58:5)
954.8488,TG(58:5)
954.8488,TG(58:5)
956.7694,TG(59:11)
956.7697,TG(59:11)
956.8641,TG(58:4)
956.8642,TG(58:4)
956.8644,TG(58:4)
956.8645,TG(58:4)
958.7853,TG(59:10)
958.7856,TG(59:10)
958.8798,TG(58:3)
958.8801,TG(58:3)
958.8801,TG(58:3)
960.801,TG(59:9)
960.8012,TG(59:9)
960.8954,TG(58:2)
960.8957,TG(58:2)
962.8169,TG(59:8)
962.9114,TG(58:1)
962.9114,TG(58:1)
964.7386,TG(60:14)
964.8323,TG(59:7)
964.8331,TG(59:7)
964.927,TG(58:0)
966.7543,TG(60:13)
966.7543,TG(60:13)
966.8482,TG(59:6)
966.8485,TG(59:6)
966.8487,TG(59:6)
966.8488,TG(59:6)
968.7692,TG(60:12)
968.7699,TG(60:12)
968.77,TG(60:12)
968.7705,TG(60:12)
968.8639,TG(59:5)
968.8641,TG(59:5)
968.8644,TG(59:5)
968.8644,TG(59:5)
968.8644,TG(59:5)
970.7851,TG(60:11)
970.7856,TG(60:11)
970.7856,TG(60:11)
970.7856,TG(60:11)
970.8798,TG(59:4)
970.88,TG(59:4)
970.88,TG(59:4)
970.8801,TG(59:4)
972.8012,TG(60:10)
972.8013,TG(60:10)
972.8013,TG(60:10)
972.8954,TG(59:3)
972.8957,TG(59:3)
974.8169,TG(60:9)
974.8169,TG(60:9)
974.9113,TG(59:2)
976.8326,TG(60:8)
976.927,TG(59:1)
976.927,TG(59:1)
978.848,TG(60:7)
978.8482,TG(60:7)
978.8488,TG(60:7)
978.9427,TG(59:0)
980.8636,TG(60:6)
980.8637,TG(60:6)
980.8639,TG(60:6)
980.8639,TG(60:6)
980.8644,TG(60:6)
980.8644,TG(60:6)
982.7848,TG(61:12)
982.8798,TG(60:5)
982.8801,TG(60:5)
982.8801,TG(60:5)
982.8801,TG(60:5)
984.8007,TG(61:11)
984.8957,TG(60:4)
984.8957,TG(60:4)
984.8958,TG(60:4)
986.9114,TG(60:3)
988.8325,TG(61:9)
988.927,TG(60:2)
990.7543,TG(62:15)
990.8482,TG(61:8)
990.8487,TG(61:8)
990.9424,TG(60:1)
990.9427,TG(60:1)
992.7694,TG(62:14)
992.77,TG(62:14)
992.8636,TG(61:7)
992.8638,TG(61:7)
992.8639,TG(61:7)
992.9583,TG(60:0)
994.7851,TG(62:13)
994.7856,TG(62:13)
994.8793,TG(61:6)
994.8795,TG(61:6)
994.8795,TG(61:6)
994.8795,TG(61:6)
996.8007,TG(62:12)
996.8954,TG(61:5)
996.8957,TG(61:5)
998.8164,TG(62:11)
998.9113,TG(61:4)
1000.927,TG(61:3)
1002.8487,TG(62:9)
1002.8488,TG(62:9)
1002.9424,TG(61:2)
1004.8636,TG(62:8)
1004.8639,TG(62:8)
1004.8639,TG(62:8)
1004.9583,TG(61:1)
1004.9583,TG(61:1)
1006.8795,TG(62:7)
1006.88,TG(62:7)
1006.88,TG(62:7)
1006.8801,TG(62:7)
1006.974,TG(61:0)
1008.8952,TG(62:6)
1008.8952,TG(62:6)
1008.8952,TG(62:6)
1010.9113,TG(62:5)
1010.9114,TG(62:5)
1012.8325,TG(63:11)
1012.927,TG(62:4)
1014.8482,TG(63:10)
1016.7694,TG(64:16)
1016.8638,TG(63:9)
1016.9581,TG(62:2)
1018.7851,TG(64:15)
1018.8792,TG(63:8)
1018.974,TG(62:1)
1020.8007,TG(64:14)
1020.8951,TG(63:7)
1022.9108,TG(63:6)
1024.927,TG(63:5)
1026.8482,TG(64:11)
1026.9426,TG(63:4)
1028.8638,TG(64:10)
1028.8639,TG(64:10)
1028.9583,TG(63:3)
1030.8795,TG(64:9)
1030.8796,TG(64:9)
1030.88,TG(64:9)
1030.9737,TG(63:2)
1032.8951,TG(64:8)
1032.8957,TG(64:8)
1032.9896,TG(63:1)
1034.9108,TG(64:7)
1036.9265,TG(64:6)
1040.8633,TG(65:11)
1040.9583,TG(64:4)
1042.974,TG(64:3)
1044.9896,TG(64:2)
1047.0053,TG(64:1)
1050.9426,TG(65:6)
1052.8638,TG(66:12)
1052.9583,TG(65:5)
1054.879,TG(66:11)
1054.8795,TG(66:11)
1054.9739,TG(65:4)
1056.8951,TG(66:10)
1058.9108,TG(66:9)
1064.9583,TG(66:6)
1066.974,TG(66:5)
1068.9896,TG(66:4)
1076.9577,TG(67:7)
1078.9734,TG(67:6)
1080.8946,TG(68:12)
1089.0522,TG(67:1)
1090.9734,TG(68:7)
1092.9891,TG(68:6)
